"ID","Fname","Lname","gender","City","FamilyIncome","EdYears","FamilySize","Grocery","Cosmatics","MF","BoughtCosmatics","Response"
1,"Sierra","Laurienti","F","Toronto",31958,12,6,1216,541,1,0.449824748316166,0.449824748316166
2,"Shea","Frakes","F","Toronto",46875,21,4,1091,510,1,0.817642465337667,0.817642465337667
3,"Dane","La Bonde","M","Montreal",20179,8,7,1329,482,0,0.427879556637657,0.427879556637657
4,"Celine","Whitten","F","Hope",28541,9,5,1234,436,1,0.632857712465911,0.632857712465911
5,"Darah","Emmons","F","Toronto",17185,4,7,1230,467,1,0.663938427464937,0.663938427464937
6,"Brennan","Pendegrass","M","Toronto",43689,23,5,1109,568,0,0.300976966192958,0.300976966192958
7,"Linsey","Martins","F","Kamloops",28788,13,5,979,421,1,0.643528616571013,0.643528616571013
8,"Liana","Mclaughlin","F","Victoria",23096,11,6,1153,416,1,0.630750394292266,0.630750394292266
9,"Althea","Waldroup","F","Toronto",38430,24,3,963,434,1,0.638795176310345,0.638795176310345
10,"Katherine","Miloserny","F","Vancouver",17647,8,6,1062,422,1,0.651097719901676,0.651097719901676
11,"Logan","Dirickson","M","Toronto",23783,8,5,1151,415,0,0.0753431461874095,0.0753431461874095
12,"Sarah","Allen","F","Toronto",30771,18,6,1222,512,1,0.790388993970175,0.790388993970175
13,"Gary Michael","Francies","M","Toronto",30640,18,5,845,447,0,0.401149497635748,0.401149497635748
14,"Alex","Mobley","M","Montreal",24452,12,7,1343,483,0,0.463955070927338,0.463955070927338
15,"Gage","Mcelroy","M","Hope",25448,9,6,1107,465,0,0.357932173467877,0.357932173467877
16,"Christopher","Beiriger","M","Montreal",32558,22,4,1078,448,0,0.254152263325095,0.254152263325095
17,"James","Wombaker","M","Montreal",57980,28,3,1199,514,0,0.662092934809541,0.662092934809541
18,"Alec","Campbell","M","Hope",26225,15,5,769,412,0,0.225142039599428,0.225142039599428
19,"Taylor","Hanna","M","Montreal",18820,8,6,1097,433,0,0.402283008589448,0.402283008589448
20,"Daniel","Doore","M","Victoria",25628,10,6,1380,446,0,0.40397858558441,0.40397858558441
21,"Foster","Barnett","F","Toronto",22604,13,5,1075,419,1,0.657125602916001,0.657125602916001
22,"David","Fausnaugh","M","Hope",38451,17,5,1125,548,0,0.430539297619495,0.430539297619495
23,"Rachel","Cook","F","Vancouver",16552,16,4,788,286,1,0.553360391956681,0.553360391956681
24,"Katie","Nittler","F","Toronto",30463,12,7,1248,539,1,0.749598245222063,0.749598245222063
25,"Paige","Robinson","F","Montreal",32577,20,6,1275,512,1,0.658540239846881,0.658540239846881
26,"Brionna","Timmons","F","Montreal",17909,11,6,1117,419,1,0.79589934363326,0.79589934363326
27,"Austin","Schoenhals","M","Vancouver",24643,5,6,1327,479,0,0.162151830174029,0.162151830174029
28,"Kayla","Henry","F","Toronto",27368,14,5,882,434,1,0.711612251666666,0.711612251666666
29,"Maggie","Thompson","F","Montreal",19161,8,6,1137,446,1,0.793318250569666,0.793318250569666
30,"Andrea","Walker","F","Hope",19411,14,6,1070,403,1,0.710762003716507,0.710762003716507
31,"Tanner","Coughlin","M","Hope",12660,10,7,1224,426,0,0.0981163106547461,0.0981163106547461
32,"Andrew","Roehrs","M","Montreal",19722,5,6,1218,446,0,0.310699706483469,0.310699706483469
33,"David","Wessel","M","Hope",46218,25,4,1226,488,0,0.357437762673512,0.357437762673512
34,"Jacob","Pearson","M","Montreal",21041,6,6,1074,443,0,0.336427528675461,0.336427528675461
35,"Riley","Holaday","M","Victoria",21307,10,7,1223,495,0,0.449667914213126,0.449667914213126
36,"Scott","Winn","M","Vancouver",26062,13,6,1335,454,0,0.319712084884167,0.319712084884167
37,"Christopher","Sanders","M","Toronto",27917,7,4,1127,380,0,0.331151460044365,0.331151460044365
38,"Lara","Anderson","F","Hope",21172,6,7,1186,502,1,0.546079360624874,0.546079360624874
39,"Joseph","Miller","M","Vancouver",39358,22,4,1020,454,0,0.15546288149729,0.15546288149729
40,"Alexandria","Karg","F","Montreal",33872,16,4,1030,403,1,0.626473369343309,0.626473369343309
41,"James","Reed","M","Toronto",25035,11,6,1196,461,0,0.235777929630536,0.235777929630536
42,"Krystal","Neureiter","F","Toronto",39073,22,3,758,421,1,0.701618305039852,0.701618305039852
43,"Gulnara","Witten","F","Vancouver",35725,19,3,927,384,1,0.649226333080216,0.649226333080216
44,"Danielle","Mcpherson","F","Victoria",66086,33,4,1527,632,1,0.774486162480945,0.774486162480945
45,"Victorea","Pace","F","Vancouver",24003,18,4,871,338,1,0.553750707006008,0.553750707006008
46,"Bethany","Vareldzis","F","Montreal",36915,19,4,977,452,1,0.750425448166408,0.750425448166408
47,"Alex","Davis","M","Toronto",51953,24,3,1003,502,0,0.376791012977439,0.376791012977439
48,"Mandi","Hibler","F","Hope",36722,21,5,1308,516,1,0.693426962001005,0.693426962001005
49,"Greyson","House","M","Toronto",30538,11,5,1125,429,0,0.375185867325367,0.375185867325367
50,"Mackenzie","Konrad","F","Toronto",30952,11,5,904,428,1,0.553758112397433,0.553758112397433
51,"Gabriel","Greenfield","M","Vancouver",24845,10,7,1180,517,0,0.383382220607737,0.383382220607737
52,"Brianna","Stevens","F","Montreal",40262,17,5,1287,556,1,0.591388129071765,0.591388129071765
53,"Jeffrey","Hamilton","M","Vancouver",20194,8,4,739,317,0,0.366454402386741,0.366454402386741
54,"Trevor","Kerr","M","Hope",22643,6,6,1037,472,0,0.463327754303356,0.463327754303356
55,"Kelsey","Johnson","F","Toronto",36917,17,6,1434,524,1,0.723869938343392,0.723869938343392
56,"Robert","Luckner","M","Montreal",42643,20,5,1294,532,0,0.386330492674633,0.386330492674633
57,"Michael","Zeitlow","M","Vancouver",47039,30,4,1132,525,0,0.357368242817392,0.357368242817392
58,"Nathaniel","Morter","M","Montreal",18198,14,5,968,381,0,0.26215778910878,0.26215778910878
59,"Kelli","Feltenberger","F","Vancouver",19586,-5,7,1241,489,1,0.765263733937475,0.765263733937475
60,"Mallory","Holst","F","Vancouver",52731,28,4,1109,558,1,0.716885569890601,0.716885569890601
61,"Melissa","Arledge","F","Toronto",17684,11,5,1053,404,1,0.63273320008727,0.63273320008727
62,"Amanda","Beagley","F","Victoria",39008,19,6,1492,567,1,0.667856215014478,0.667856215014478
63,"Matthew","Bowman","M","Victoria",24147,16,5,840,409,0,0.239792518305999,0.239792518305999
64,"Justin","Russell","M","Vancouver",18030,2,5,1009,383,0,0.169370009405704,0.169370009405704
65,"Kristin","Milliard","F","Victoria",26001,13,4,898,362,1,0.741796651121538,0.741796651121538
66,"Larae","Cano","F","Hope",22007,0,7,1267,503,1,0.713345714033359,0.713345714033359
67,"Meri","Arevalo","F","Montreal",30882,17,6,1206,491,1,0.762282051468212,0.762282051468212
68,"Kia","Rodwell","F","Vancouver",39987,16,6,1265,553,1,0.56042000280614,0.56042000280614
69,"Ryne","Stewart","M","Vancouver",25199,8,5,834,442,0,0.375514758256399,0.375514758256399
70,"Paige","Peterson","F","Hope",19758,13,5,1021,358,1,0.545657409074767,0.545657409074767
71,"Anthony","Kalinowski","M","Kamloops",31688,12,5,1175,452,0,0.21936913684297,0.21936913684297
72,"Seth","Landers","M","Toronto",41962,22,5,1260,523,0,0.412590658420115,0.412590658420115
73,"Christopher","Bowman","M","Montreal",30998,13,7,1303,571,0,0.233017827451899,0.233017827451899
74,"Tyler","Mcelroy","M","Montreal",36176,20,6,1369,554,0,0.298832625784537,0.298832625784537
75,"Grace","Politza","F","Hope",17803,3,5,1140,376,1,0.733366977091685,0.733366977091685
76,"Erin","Reed","F","Montreal",14576,8,5,902,344,1,0.551633009124344,0.551633009124344
77,"Aimee","Bachkina","F","Toronto",26970,12,7,1605,524,1,0.689537594069616,0.689537594069616
78,"Devin","Costello","M","Montreal",49577,23,5,1259,561,0,0.578344995697836,0.578344995697836
79,"Joshua","Gloss","M","Montreal",33031,21,4,863,417,0,0.2525574124622,0.2525574124622
80,"Josh","Bradford","M","Toronto",40541,18,4,1096,476,0,0.268400961543015,0.268400961543015
81,"Layla","Lopez","F","Toronto",14143,0,5,705,348,1,0.652570408764818,0.652570408764818
82,"Austin","Castellarin","M","Victoria",17849,10,6,1135,424,0,0.109416625975834,0.109416625975834
83,"Ashley","Rauen","F","Kamloops",28185,18,5,994,460,1,0.832655626938695,0.832655626938695
84,"Amber","Campbell","F","Toronto",24094,6,7,1275,501,1,0.620263358215486,0.620263358215486
85,"Bridgett","O'Neal","F","Vancouver",53394,27,4,1361,554,1,0.7978619431729,0.7978619431729
86,"Christopher","Anderson","M","Montreal",21161,8,4,1047,341,0,0.210466655444419,0.210466655444419
87,"Christopher","Skidmore","M","Hope",31323,13,6,1168,485,0,0.177543468033426,0.177543468033426
88,"Dustin","Hougland","M","Victoria",44957,23,3,937,419,0,0.292016380101344,0.292016380101344
89,"Michaela","Chouinard","F","Hope",15616,12,5,912,371,1,0.676656413590478,0.676656413590478
90,"Tyler","Gershon","M","Montreal",39822,28,3,961,419,0,0.39424631056475,0.39424631056475
91,"Ryne","Wagner","M","Victoria",40436,27,3,1044,396,0,0.369264045886205,0.369264045886205
92,"Daniel","Wohr","M","Toronto",37699,27,3,866,418,0,0.369231848015717,0.369231848015717
93,"Samantha","Showalter","F","Hope",30769,15,4,930,384,1,0.6605896084523,0.6605896084523
94,"Eric","Thielemann","M","Kamloops",17760,15,6,1141,435,0,0.379194767484583,0.379194767484583
95,"Dana","Stone","F","Vancouver",22927,10,3,765,326,1,0.604561654129271,0.604561654129271
96,"Kirk","Brown","M","Victoria",40480,25,3,973,437,0,0.247432066209407,0.247432066209407
97,"Darrell","Winborne","M","Hope",40290,20,6,1201,583,0,0.393552083554385,0.393552083554385
98,"Sean","Verbest","M","Montreal",30979,11,5,1113,464,0,0.268115444768324,0.268115444768324
99,"Tanner","Seabaugh","M","Victoria",22970,17,4,737,352,0,0.470802840889629,0.470802840889629
100,"Uriaha","Krasikov","M","Victoria",29326,13,5,1107,411,0,0.347941439921043,0.347941439921043
101,"Brielle","Cerny","F","Vancouver",41954,20,4,1078,515,1,0.575818145299365,0.575818145299365
102,"Cassandra","Wentz","F","Hope",40231,20,6,1417,552,1,0.749136592472655,0.749136592472655
103,"Nathanael","Dutmer","M","Vancouver",36843,19,3,552,369,0,0.343392724248723,0.343392724248723
104,"Kaytlyn","Hayes","F","Victoria",36267,13,4,1176,453,1,0.60054799550648,0.60054799550648
105,"Rob","Crawford","M","Vancouver",19929,14,3,726,287,0,0.233791724421078,0.233791724421078
106,"Gareth","Suits","M","Toronto",29207,16,5,1262,468,0,0.227595809468348,0.227595809468348
107,"Travis","Zezza","M","Vancouver",19480,8,6,1352,416,0,0.238197602475798,0.238197602475798
108,"Alexander","Littrell","M","Toronto",32649,21,3,982,412,0,0.268645314846962,0.268645314846962
109,"Emily","Hattenhauer","F","Kamloops",35423,16,4,1048,418,1,0.726313515535939,0.726313515535939
110,"Chantal","Young","F","Vancouver",21699,11,5,991,379,1,0.711327806848778,0.711327806848778
111,"Maxwell","Flowers","M","Montreal",37118,19,6,1361,578,0,0.471510827720179,0.471510827720179
112,"Justin","Hoben","M","Montreal",29206,13,5,1152,430,0,0.374455072383365,0.374455072383365
113,"Adreanna","Naffziger","F","Hope",17665,9,5,904,356,1,0.615170607375445,0.615170607375445
114,"Miranda","Edingfield","F","Kamloops",48213,25,4,1234,525,1,0.618896935010839,0.618896935010839
115,"Matthew","Hawkins","M","Vancouver",42341,20,5,1118,502,0,0.503143157522193,0.503143157522193
116,"Jillian","Dosen","F","Montreal",44051,27,5,1182,519,1,0.645804718271702,0.645804718271702
117,"Andrew","Schneider","M","Toronto",40803,26,4,985,440,0,0.302004002353125,0.302004002353125
118,"Firas","Boehm","M","Vancouver",23823,13,7,1356,513,0,0.281756661163095,0.281756661163095
119,"Nathan","Benefiel","M","Vancouver",17583,2,4,1061,299,0,0.0350113113355312,0.0350113113355312
120,"Olivia","Rowe","F","Vancouver",13531,7,6,1139,423,1,0.599263110067969,0.599263110067969
121,"Chase","Nordlie","M","Montreal",59684,31,3,1108,526,0,0.302705867230467,0.302705867230467
122,"Brendan","Furia","M","Vancouver",31082,17,5,1184,465,0,0.326594030422259,0.326594030422259
123,"Douglas","Ney","M","Victoria",18837,5,5,899,421,0,0.374834168671623,0.374834168671623
124,"Danielle","Bender","F","Victoria",30005,19,3,766,370,1,0.699031134452757,0.699031134452757
125,"Rebecca","Pollard","F","Hope",27298,12,7,1397,518,1,0.761992221546187,0.761992221546187
126,"Aldin","Henley","M","Montreal",19361,9,6,1197,430,0,0.0314471182681962,0.0314471182681962
127,"Belva","Buford","F","Toronto",12844,11,5,969,340,1,0.829402883444431,0.829402883444431
128,"Tanner","Sticca","M","Hope",48306,23,5,1340,600,0,0.317552407864826,0.317552407864826
129,"Kyler","Hay","M","Vancouver",50614,26,4,1128,557,0,0.374908322568533,0.374908322568533
130,"Jenna","Thomas","F","Montreal",26006,14,5,1029,450,1,0.630617035797761,0.630617035797761
131,"Vince","Dyer","M","Montreal",34257,20,5,1153,485,0,0.418013825417346,0.418013825417346
132,"Jacob","Burge","M","Vancouver",27553,9,4,822,390,0,0.219803214836583,0.219803214836583
133,"Joshuah","Smith","M","Toronto",22891,15,5,1090,394,0,0.401217693706861,0.401217693706861
134,"Olivia","Hartman","F","Toronto",19952,5,5,1133,377,1,0.668896046514777,0.668896046514777
135,"Bryan","Torrey","M","Hope",46406,20,5,1228,550,0,0.513694420367224,0.513694420367224
136,"Lindsay","Brower","F","Montreal",23784,8,4,891,337,1,0.595382889617515,0.595382889617515
137,"Rachel","Hackbarth","F","Vancouver",29749,15,4,1117,382,1,0.684634459676388,0.684634459676388
138,"Kari","Riley","F","Montreal",27574,10,6,1187,528,1,0.599908271829193,0.599908271829193
139,"Zachary","Parsons","M","Toronto",29319,8,4,967,405,0,0.336370013454369,0.336370013454369
140,"Leah","Lacey","F","Toronto",50636,17,5,1311,571,1,0.701000053444147,0.701000053444147
141,"Berit","Sorency","F","Victoria",20865,11,5,1167,413,1,0.611829949031626,0.611829949031626
142,"Breann","Thompson","F","Vancouver",36072,22,4,1025,460,1,0.640266148193149,0.640266148193149
143,"Keith","Lalancette","M","Toronto",29771,9,4,703,418,0,0.472364952086053,0.472364952086053
144,"Nicholas","Benner","M","Victoria",34759,15,6,1167,515,0,0.250583889205797,0.250583889205797
145,"Kyle","Wells","M","Toronto",26906,15,5,894,430,0,0.2321136683873,0.2321136683873
146,"Sheryll","Windle","F","Kamloops",44766,27,4,905,504,1,0.906674798746926,0.906674798746926
147,"Tyler","Schmidt","M","Hope",43708,18,4,1200,498,0,0.299289773508037,0.299289773508037
148,"Tyler","Lee","M","Toronto",13586,1,9,1356,537,0,0.227126759879646,0.227126759879646
149,"Taylor","Nickens","F","Vancouver",44678,21,4,1083,498,1,0.67252695593238,0.67252695593238
150,"Tyler","Houghton","M","Vancouver",27247,23,4,946,443,0,0.247615124085664,0.247615124085664
151,"Kyle","Rostad","M","Vancouver",25693,10,4,923,373,0,0.262013374309856,0.262013374309856
152,"Ashlee","Goldsberry","F","Montreal",48471,22,2,802,425,1,0.842391516506883,0.842391516506883
153,"Elise","Wolf","F","Montreal",16791,15,4,799,282,1,0.659254917351324,0.659254917351324
154,"Shaun","Intermill","M","Montreal",35428,17,4,1062,419,0,0.23296157191956,0.23296157191956
155,"Ashley","Coit","F","Vancouver",22572,9,6,1276,413,1,0.593283797401601,0.593283797401601
156,"Cydney","Podschun","F","Toronto",44058,24,5,1268,535,1,0.667096452592149,0.667096452592149
157,"Spencer","Mishenina","M","Vancouver",31596,11,6,1183,518,0,0.445284702170682,0.445284702170682
158,"Erica","Mcdaniel","F","Victoria",31461,16,5,1047,471,1,0.581662826636322,0.581662826636322
159,"Amanda","Fischer","F","Montreal",20774,11,7,1241,451,1,0.673451316965337,0.673451316965337
160,"Ryan","Booz","M","Montreal",28691,16,4,1176,374,0,0.334005410670086,0.334005410670086
161,"Jordan","Harju","M","Vancouver",25618,8,7,1435,516,0,0.364393676797882,0.364393676797882
162,"Dylan","Foulk","M","Montreal",26447,12,6,1108,487,0,0.191989817287929,0.191989817287929
163,"Lucidya","Elliott","F","Toronto",37827,19,6,1195,558,1,0.627158004200306,0.627158004200306
164,"Rachel","Bomar","F","Vancouver",19514,5,4,775,348,1,0.619171867011087,0.619171867011087
165,"Cheryl","Madsen","F","Vancouver",35964,15,5,1085,482,1,0.550266754145321,0.550266754145321
166,"Mikayla","Greiner","F","Toronto",22249,11,5,905,411,1,0.667932965650284,0.667932965650284
167,"Zachary","Johnson","M","Montreal",33432,6,8,1503,643,0,0.454380867983856,0.454380867983856
168,"Jacob","Gardner","M","Vancouver",29912,13,4,1042,455,0,0.553751861399898,0.553751861399898
169,"Ashlee","Atchley","F","Vancouver",28926,18,3,741,337,1,0.621970082645772,0.621970082645772
170,"Alexandra","Ozbat","F","Montreal",42185,16,6,1317,543,1,0.664791104231984,0.664791104231984
171,"Miranda","Carter","F","Vancouver",24098,9,5,1094,382,1,0.369535288268985,0.369535288268985
172,"Robert","Henricks","M","Vancouver",37690,18,3,671,369,0,0.325006478844782,0.325006478844782
173,"Megan","Wendover","F","Kamloops",17797,9,5,714,382,1,0.521350260108007,0.521350260108007
174,"Dillon","Bradley","M","Vancouver",15229,3,6,1156,422,0,0.303063085711577,0.303063085711577
175,"Ethan","Moser","M","Montreal",33730,13,5,1215,477,0,0.286913724834427,0.286913724834427
176,"Samuel","Politano","M","Vancouver",13175,-3,7,1243,422,0,0.297227415294368,0.297227415294368
177,"Taylor","Mcinnis","M","Vancouver",25372,4,5,1056,405,0,0.289296514688791,0.289296514688791
178,"Adam","Wygle","M","Montreal",21157,19,5,1053,370,0,0.213508277188966,0.213508277188966
179,"Kristen","Sims","F","Vancouver",25750,15,5,902,454,1,0.668647728451961,0.668647728451961
180,"Spencer","Lemmons","M","Montreal",23070,9,5,978,419,0,0.192376002343599,0.192376002343599
181,"Jordan","Liebsock","M","Toronto",40857,17,5,1139,480,0,0.51030062929328,0.51030062929328
182,"Savanna","Giezentanner","F","Vancouver",15607,6,5,985,336,1,0.428318685845819,0.428318685845819
183,"Melissa","Hickey","F","Toronto",36333,14,6,1322,545,1,0.639922149323765,0.639922149323765
184,"Brianna","Ballentine","F","Montreal",46937,18,4,1008,531,1,0.877595705387243,0.877595705387243
185,"Conner","Korth","M","Montreal",43932,29,6,1258,607,0,0.274064124000788,0.274064124000788
186,"Shelby","Gordley","F","Montreal",21015,10,5,1095,383,1,0.593432878722659,0.593432878722659
187,"Annabelle","Kozic","F","Montreal",25187,17,4,932,385,1,0.653417889100436,0.653417889100436
188,"Courtney","Bumgarner","F","Toronto",26135,20,4,749,390,1,0.661067996922062,0.661067996922062
189,"Cheyenne","Linne","F","Montreal",25760,13,3,704,308,1,0.664121836742678,0.664121836742678
190,"Dakota","Lindner","F","Kamloops",24978,11,7,1239,535,1,0.743648479220542,0.743648479220542
191,"Jeffrey","Brueske","M","Toronto",63335,29,3,1068,562,0,0.367813569884821,0.367813569884821
192,"Mackensie","Burrows","F","Victoria",12759,7,4,597,274,1,0.63483614986887,0.63483614986887
193,"Eric","Sims","M","Victoria",35652,21,4,820,432,0,0.326753232076983,0.326753232076983
194,"Amberdawn","Lingk","F","Toronto",33429,19,5,999,480,1,0.603394027989832,0.603394027989832
195,"Lily","Haugen","F","Toronto",53989,32,4,1046,553,1,0.810931976038852,0.810931976038852
196,"Alexis","Popriyenko","F","Toronto",37147,14,5,1094,471,1,0.667112925638596,0.667112925638596
197,"Benjamin","Beieler","M","Vancouver",24822,6,5,1072,414,0,0.24384975012091,0.24384975012091
198,"Talon","Bates","M","Montreal",43628,13,3,1041,446,0,0.35776850657401,0.35776850657401
199,"Nathan","Julian-Waechtler","M","Hope",15524,5,7,1290,467,0,0.328074217771477,0.328074217771477
200,"Dustin","Simeon","M","Montreal",37166,19,5,1162,507,0,0.550191585694839,0.550191585694839
201,"Lacey","Zajac","F","Vancouver",26675,11,6,1306,514,1,0.599777240341231,0.599777240341231
202,"Gage","Meadows","M","Toronto",22699,7,6,979,424,0,0.376161750906497,0.376161750906497
203,"Jessie","Wewior","M","Toronto",46026,21,5,1220,586,0,0.400124267405873,0.400124267405873
204,"Halle","Hildebrandt","F","Toronto",22443,7,7,1198,478,1,0.571948982008457,0.571948982008457
205,"Adam","Ingram","M","Victoria",25692,10,6,1285,464,0,0.116091171390274,0.116091171390274
206,"Jubencio","Jensen","M","Vancouver",28951,10,4,982,372,0,0.232066511300031,0.232066511300031
207,"Dannielle","Bonnet","F","Toronto",33354,21,4,894,410,1,0.726799217238507,0.726799217238507
208,"William","Sunderland","M","Montreal",27519,13,4,926,375,0,0.456353852526662,0.456353852526662
209,"Meaghan","Mckendrick","F","Hope",25510,11,5,926,408,1,0.358787970776755,0.358787970776755
210,"Tyler","Mackey","M","Kamloops",46211,23,4,1096,512,0,0.489177085117852,0.489177085117852
211,"Ashley","Young","F","Toronto",19624,18,4,947,363,1,0.486775672806459,0.486775672806459
212,"Courtney","Salem","F","Toronto",30025,17,5,1156,461,1,0.829071307381944,0.829071307381944
213,"Courtney","Witt","F","Victoria",18805,6,5,1167,389,1,0.771089986776063,0.771089986776063
214,"David","Rouse","M","Toronto",22989,12,5,1216,397,0,0.437563047179433,0.437563047179433
215,"Emily","Benbow","F","Victoria",21509,14,5,893,401,1,0.785728830666618,0.785728830666618
216,"Lacey","Hutchison","F","Montreal",23185,14,8,1526,576,1,0.662995249480871,0.662995249480871
217,"Ryan","Hedges","M","Montreal",27889,13,4,691,399,0,0.297683622212212,0.297683622212212
218,"Alexis","Lightsey","F","Vancouver",11624,5,6,999,373,1,0.670386502016304,0.670386502016304
219,"Gregorey","Smith","M","Hope",49163,28,3,1048,455,0,0.360051956392367,0.360051956392367
220,"Madison","Dodge","F","Toronto",16612,7,5,1052,304,1,0.706927749600553,0.706927749600553
221,"Eleazar","Raschke","M","Montreal",26302,14,7,1315,526,0,0.132152269315501,0.132152269315501
222,"Malaina","Rule","F","Victoria",45492,22,4,1356,500,1,0.642687575631939,0.642687575631939
223,"Marcus","Crowell","M","Toronto",28496,17,4,846,395,0,0.315983063776552,0.315983063776552
224,"Amanda","Reinhard","F","Kamloops",40361,18,3,955,405,1,0.709766964483068,0.709766964483068
225,"Jesse","Bannon","M","Toronto",32865,16,6,1562,554,0,0.333603963279597,0.333603963279597
226,"Credie","Mead","M","Montreal",30584,9,4,955,423,0,0.217964924977975,0.217964924977975
227,"Skye","Forsyth","F","Montreal",25193,5,5,1186,434,1,0.638191784509917,0.638191784509917
228,"Brianna","Lakos","F","Vancouver",35007,19,3,861,389,1,0.733034146015563,0.733034146015563
229,"David","Douglas","M","Vancouver",14241,5,6,1147,375,0,0.210413953733552,0.210413953733552
230,"Harold","Yeager","M","Toronto",28652,12,6,1071,505,0,0.435197287651366,0.435197287651366
231,"Delbert","Rickstrew","M","Vancouver",38891,29,3,871,406,0,0.263825443160166,0.263825443160166
232,"Darian","Gillespie","F","Toronto",18193,3,7,1121,469,1,0.438894845111544,0.438894845111544
233,"Joshua","Gordon","M","Toronto",23757,5,8,1470,588,0,0.389160574061379,0.389160574061379
234,"Aaron-Elvis","Shadmanov","M","Toronto",25509,13,6,1237,473,0,0.25838869437367,0.25838869437367
235,"Haley","Wockner","F","Toronto",20896,15,5,899,370,1,0.64819504063323,0.64819504063323
236,"Jakob","Jenke","M","Vancouver",24510,13,5,972,415,0,0.489025479553826,0.489025479553826
237,"Courtney","Johnson","F","Toronto",30277,11,7,1344,572,1,0.624808547945819,0.624808547945819
238,"Nikolas","Coyle","M","Kamloops",34733,14,4,984,457,0,0.439105831797579,0.439105831797579
239,"Rebecca","Scheuermann","F","Vancouver",36403,18,3,857,405,1,0.665846285988755,0.665846285988755
240,"Raven","Rittenhouse","F","Vancouver",29929,14,7,1467,571,1,0.708200413818199,0.708200413818199
241,"Dakota","Decker","M","Victoria",43732,20,5,1119,547,0,0.255032828274753,0.255032828274753
242,"Sterling","Maddux","M","Montreal",12903,9,6,1019,347,0,0.264127466600031,0.264127466600031
243,"Stephani","Pounds","F","Kamloops",46400,31,3,878,423,1,0.627921103155298,0.627921103155298
244,"Sarah","Duke","F","Toronto",28935,8,7,1397,557,1,0.746384598336719,0.746384598336719
245,"Abby","Schmitt","F","Montreal",35991,12,5,1134,475,1,0.714057777579198,0.714057777579198
246,"Jared","Hopkins","M","Hope",20453,18,4,1060,347,0,0.336340494430905,0.336340494430905
247,"Timothy","Lincicome","M","Montreal",49486,30,6,1557,596,0,0.299351806333214,0.299351806333214
248,"Wade","Conley","M","Toronto",14990,9,5,819,342,0,0.0667451472067218,0.0667451472067218
249,"Nathan","Lockman","M","Victoria",35115,15,5,1238,515,0,0.419070657498039,0.419070657498039
250,"Caitlin","Sienknecht","F","Toronto",41494,17,6,1240,594,1,0.793573221699627,0.793573221699627
251,"David","Geer","M","Montreal",24460,15,5,1179,435,0,0.371321314373072,0.371321314373072
252,"Matthew","Kachelries","M","Montreal",20631,4,7,1380,494,0,0.296166438202554,0.296166438202554
253,"Renee","Tikhonova","F","Victoria",26466,16,5,890,430,1,0.5618769598828,0.5618769598828
254,"Seth","Burke","M","Vancouver",24538,15,4,974,358,0,0.476364852441723,0.476364852441723
255,"Devon","Madsen","M","Montreal",11222,4,7,1116,414,0,0.155309364841663,0.155309364841663
256,"Alison","Turner","F","Vancouver",16828,7,7,1283,434,1,0.632274952760512,0.632274952760512
257,"Alexander","Hamlin","M","Toronto",12924,13,6,1074,373,0,0.193711795440072,0.193711795440072
258,"Michael","Mccarthy","M","Hope",31406,14,5,1201,449,0,0.332842551320055,0.332842551320055
259,"Jack","Schneider","M","Victoria",14018,6,7,1234,437,0,0.337691780895155,0.337691780895155
260,"Maria","Weger","F","Toronto",29344,19,6,1019,495,1,0.667423874405892,0.667423874405892
261,"Alicia","Berget","F","Vancouver",42104,25,5,1201,528,1,0.777513169969506,0.777513169969506
262,"Lindsey","Gough","F","Montreal",25427,15,6,976,474,1,0.632499694397456,0.632499694397456
263,"Mark","Hedger","M","Vancouver",42869,25,4,1034,467,0,0.325628695943761,0.325628695943761
264,"Dino","Trbovich","M","Vancouver",16536,12,3,628,231,0,0.471950025715393,0.471950025715393
265,"Arielle","Serr","F","Vancouver",23148,8,5,895,407,1,0.605294095258717,0.605294095258717
266,"Andrea","Davidson","M","Kamloops",29821,10,7,1362,495,0,0.551513834356654,0.551513834356654
267,"Evan","Arguello","M","Montreal",24593,26,4,785,387,0,0.218569317474403,0.218569317474403
268,"Triston","Muller","M","Montreal",32808,20,5,1174,456,0,0.304926651320647,0.304926651320647
269,"Breanne","Heath","F","Toronto",20413,8,5,1185,397,1,0.716824078080098,0.716824078080098
270,"Marshall","Watkins","M","Montreal",21823,10,5,903,405,0,0.454922084026804,0.454922084026804
271,"Melissa","Farrell","F","Hope",27944,22,4,783,412,1,0.694812850227786,0.694812850227786
272,"Kaileigh","Bednarek","F","Montreal",34453,18,5,1061,507,1,0.779111889584815,0.779111889584815
273,"Kaelen","Elliott","F","Vancouver",22369,10,5,978,409,1,0.601759733749325,0.601759733749325
274,"Jessica","Nowak","F","Montreal",26063,8,7,1367,553,1,0.557181171486078,0.557181171486078
275,"Erin","Anderson","F","Montreal",30437,17,4,770,397,1,0.782816341381906,0.782816341381906
276,"Demitrios","Todor","M","Toronto",35342,17,6,1269,544,0,0.376156482236036,0.376156482236036
277,"Michellie","Ryan","F","Montreal",32436,12,5,1112,443,1,0.797247456740669,0.797247456740669
278,"Cheyenne","Laes","F","Vancouver",27876,15,6,1247,472,1,0.57134947316427,0.57134947316427
279,"Michael","Perry","M","Montreal",63500,35,5,1641,657,0,0.636402240429002,0.636402240429002
280,"Tyler","Simons","M","Hope",26277,12,6,1196,473,0,0.23262614166747,0.23262614166747
281,"Rudolph","Dulaney","M","Toronto",24338,12,6,1212,460,0,0.245937755975328,0.245937755975328
282,"Steven","Koschel","M","Montreal",20840,13,5,1086,404,0,0.358181200972143,0.358181200972143
283,"Justin","Larch","M","Vancouver",26967,5,4,979,385,0,0.337490590021255,0.337490590021255
284,"Lauren","Cote","F","Montreal",54515,23,4,1287,586,1,0.667460347906528,0.667460347906528
285,"Timberly","Smith","F","Victoria",34889,26,4,866,470,1,0.782949090173708,0.782949090173708
286,"Justin","Deleo","M","Vancouver",15834,10,4,928,324,0,0.223981779871363,0.223981779871363
287,"Lucas","Haberer","M","Kamloops",21387,9,5,1056,360,0,0.443869878895516,0.443869878895516
288,"Mariah","Moore","F","Victoria",48075,23,4,1190,533,1,0.605266595357521,0.605266595357521
289,"Morgan","Wacker","M","Toronto",39504,25,3,958,403,0,0.45606725266518,0.45606725266518
290,"Gracie","Caldwell","F","Vancouver",35228,9,6,1327,545,1,0.793146737473744,0.793146737473744
291,"John","Laney","M","Vancouver",26294,12,6,1011,496,0,0.30299846546684,0.30299846546684
292,"Amie","Grogan","F","Toronto",18513,0,7,1265,483,1,0.718722563173445,0.718722563173445
293,"Erin","Martinez","F","Montreal",16969,10,6,1077,390,1,0.72094629710227,0.72094629710227
294,"Gabrielle","Lively","F","Vancouver",28331,14,2,585,310,1,0.837586165607507,0.837586165607507
295,"Logan","Meier","M","Victoria",19557,13,5,1121,370,0,0.223141515203264,0.223141515203264
296,"Kaitlin","Richardson","F","Victoria",52571,28,2,858,440,1,0.679345719093193,0.679345719093193
297,"Joseph","Ellis","M","Montreal",17551,6,6,1031,399,0,0.455419070354841,0.455419070354841
298,"Cooper","Haney","M","Toronto",22548,9,5,1071,407,0,0.129377782890528,0.129377782890528
299,"Jacob","Fox Birdwell","M","Vancouver",21420,10,7,1431,499,0,0.0713197920525773,0.0713197920525773
300,"Amanda","Schnorr","F","Vancouver",17425,6,6,1220,409,1,0.729765131369424,0.729765131369424
301,"Sean","Phair","M","Vancouver",27523,15,6,1372,469,0,0.290484636746178,0.290484636746178
302,"Morgan","Hollenbach","F","Toronto",57397,26,4,1340,590,1,0.423671099477436,0.423671099477436
303,"Amanda","Wilcox","F","Vancouver",25043,5,6,1289,481,1,0.829401852180814,0.829401852180814
304,"Amandalin","Wilcoxon","F","Toronto",30537,19,6,1127,480,1,0.787979558440022,0.787979558440022
305,"Trevor","Rudd","M","Vancouver",29568,10,6,1187,478,0,0.382523140365223,0.382523140365223
306,"Duff","Denning","M","Victoria",36999,18,3,749,413,0,0.378132020445026,0.378132020445026
307,"Cassidy","Robinson","F","Montreal",23586,7,6,1221,449,1,0.512547097460745,0.512547097460745
308,"Tamra","Ward","F","Montreal",31436,14,6,1361,525,1,0.909194934714387,0.909194934714387
309,"Brooke","Mcelhattan","F","Montreal",23159,9,6,1063,449,1,0.501152905985739,0.501152905985739
310,"Tavin","Ritter","F","Hope",28529,20,5,1084,450,1,0.752148192749118,0.752148192749118
311,"Matthew","Allee","M","Montreal",41043,22,3,851,425,0,0.585428795587952,0.585428795587952
312,"Siarra","Smith","F","Montreal",32696,15,8,1646,641,1,0.873558586446861,0.873558586446861
313,"Amber","Gallant","F","Montreal",33259,17,5,1059,461,1,0.693359241539447,0.693359241539447
314,"Elizabeth","Johnson","F","Toronto",30942,21,5,913,480,1,0.566026867511616,0.566026867511616
315,"Orion","Chronopoulos","M","Vancouver",18079,10,5,984,372,0,0.0199316922295218,0.0199316922295218
316,"Katelyn","Wilcox","F","Vancouver",18718,8,5,1153,373,1,0.695008044458146,0.695008044458146
317,"Jason","Andrews","M","Victoria",22770,10,7,1185,503,0,0.337239131167003,0.337239131167003
318,"Gina","Mitchell","F","Toronto",44222,25,4,1168,543,1,0.795322337570059,0.795322337570059
319,"Simone","Crecelius","F","Montreal",12525,0,7,1122,419,1,0.755064476187179,0.755064476187179
320,"Tyler","Durman","M","Montreal",37783,15,5,1127,535,0,0.455523437924141,0.455523437924141
321,"Joseph","Halimovic","M","Toronto",27701,9,6,1372,470,0,0.376788981498519,0.376788981498519
322,"Corey","Krainock","M","Montreal",43329,23,4,1105,498,0,0.399376214580844,0.399376214580844
323,"Margo","Davis","F","Hope",19921,9,6,1039,416,1,0.8278758645497,0.8278758645497
324,"Lauren","Robinson","F","Kamloops",41976,22,5,1115,519,1,0.721268948346774,0.721268948346774
325,"Jacob","Baer","M","Toronto",26473,11,4,963,367,0,0.336156277322617,0.336156277322617
326,"Jessica","Hickox","F","Vancouver",43804,27,3,723,456,1,0.500222716616144,0.500222716616144
327,"Max","Chadwick","M","Toronto",18173,7,5,1159,361,0,0.19069439467411,0.19069439467411
328,"Tanner","Buford","M","Montreal",40465,22,5,1203,552,0,0.199414050689891,0.199414050689891
329,"Matthew","Thornton","M","Montreal",32617,18,4,874,420,0,0.229704594397703,0.229704594397703
330,"Chase","Adams","M","Toronto",16781,4,8,1336,509,0,0.255732366714796,0.255732366714796
331,"Bradley","Jenness","M","Toronto",30051,13,5,1116,466,0,0.214581682801555,0.214581682801555
332,"Kevin","Hodd","M","Montreal",22736,8,6,1016,418,0,0.188337998394412,0.188337998394412
333,"Madeline","Mccurdy","F","Toronto",22574,9,6,1223,440,1,0.740285929174305,0.740285929174305
334,"Alexis","Walker","F","Toronto",21308,6,5,1044,392,1,0.487527730335543,0.487527730335543
335,"Cameron","Gibson","M","Montreal",33384,18,4,818,413,0,0.172774020088411,0.172774020088411
336,"Vanessa","Lunt","F","Vancouver",24334,10,5,879,463,1,0.593316424554549,0.593316424554549
337,"Colton","Maxich","M","Toronto",32011,17,5,1101,467,0,0.337875524213165,0.337875524213165
338,"Zachary","Wallner","M","Montreal",23692,14,6,1065,425,0,0.280971111453604,0.280971111453604
339,"Ryan","Wells","M","Montreal",51308,28,4,949,551,0,0.409221372219633,0.409221372219633
340,"Sydney","Vanhorn","F","Montreal",26134,13,6,1238,471,1,0.625172915667787,0.625172915667787
341,"Myriah","Porter","F","Toronto",55606,31,3,1137,523,1,0.73445971961956,0.73445971961956
342,"Anthony","Shaw","M","Vancouver",29542,18,4,878,392,0,0.438368668820287,0.438368668820287
343,"Kayla","Countryman","F","Toronto",28887,14,6,1293,461,1,0.727947025758601,0.727947025758601
344,"Morgan","Blackmore","F","Montreal",29982,14,5,1006,452,1,0.519906808235106,0.519906808235106
345,"Danielle","Kononov","F","Toronto",35895,12,5,1063,479,1,0.759767464758295,0.759767464758295
346,"Danny","Friis","M","Victoria",26886,11,6,1330,477,0,0.297115549896209,0.297115549896209
347,"Amber","Walton","F","Victoria",33534,15,4,1182,409,1,0.476971175337855,0.476971175337855
348,"Levi","Wasil","M","Victoria",25450,19,6,1187,458,0,0.36627135976369,0.36627135976369
349,"Adain","Dorn","M","Toronto",30616,12,5,1007,477,0,0.151804155488425,0.151804155488425
350,"Kyle","Maner","M","Toronto",10945,8,6,1050,372,0,0.455719916323866,0.455719916323866
351,"Bailey","Lyons","F","Toronto",29627,10,4,1075,396,1,0.746585876542038,0.746585876542038
352,"Melissa","Morris","F","Montreal",15558,9,5,995,321,1,0.697023573860691,0.697023573860691
353,"Bethany","Vasquez","F","Toronto",23151,10,5,919,397,1,0.917754768342847,0.917754768342847
354,"Filip","Seegmiller","M","Toronto",32397,16,6,1217,587,0,0.431536514948985,0.431536514948985
355,"Emily","Fitzsimmons","F","Victoria",31115,17,7,1404,562,1,0.693552919349763,0.693552919349763
356,"Mary","Gandee","F","Vancouver",12185,6,5,905,303,1,0.589733484536145,0.589733484536145
357,"Christopher","Dubois","M","Montreal",23787,17,5,953,388,0,0.460295366515817,0.460295366515817
358,"Nemanja","Wiechman","M","Montreal",44848,19,6,1508,593,0,0.326332859218368,0.326332859218368
359,"Courtney","Anderson","F","Montreal",20227,8,6,967,430,1,0.624821245420765,0.624821245420765
360,"Aimee","Seubert","F","Montreal",24704,15,6,1121,459,1,0.69458923889826,0.69458923889826
361,"Evan","Mclaughlin","M","Victoria",40163,26,3,903,425,0,0.35294914871993,0.35294914871993
362,"Timothy","Velasquez","M","Victoria",51163,30,3,923,480,0,0.179507747018894,0.179507747018894
363,"Thomas","Bump","M","Kamloops",26207,11,7,1268,556,0,0.384021427583882,0.384021427583882
364,"Hannah","Elfeld","F","Hope",43855,19,5,1302,554,1,0.592180950387091,0.592180950387091
365,"Shyloh","Bell","F","Victoria",18338,10,6,1024,383,1,0.551523840588759,0.551523840588759
366,"Matthew","Banks","M","Hope",29847,15,5,941,422,0,0.257196290337617,0.257196290337617
367,"Lauren","Detwiler","F","Montreal",33876,19,4,820,400,1,0.573794465265071,0.573794465265071
368,"Joshua","Howell","M","Montreal",25800,11,6,1172,472,0,0.378004967708223,0.378004967708223
369,"Branden","Fife","M","Victoria",63121,33,5,1393,675,0,0.413309660168309,0.413309660168309
370,"William","Mcphillips","M","Montreal",18175,7,7,1439,465,0,0.185125976392261,0.185125976392261
371,"Catherine","Bartleson","F","Kamloops",17484,7,5,936,361,1,0.490153200520503,0.490153200520503
372,"Travis","Gunther","M","Montreal",31947,8,6,1213,499,0,0.520735735318174,0.520735735318174
373,"Kelsey","Askelson","F","Toronto",30126,12,6,1270,499,1,0.667161024519501,0.667161024519501
374,"Gerald","Winsor","M","Hope",25963,12,6,1095,452,0,0.263235118719158,0.263235118719158
375,"Taryn","Crist","F","Victoria",23048,12,5,1063,363,1,0.684539639585017,0.684539639585017
376,"Bryan","Martin","M","Toronto",23859,12,6,1142,459,0,0.193810164755438,0.193810164755438
377,"Scott","Burton","M","Victoria",20997,13,6,1097,453,0,0.175962640472617,0.175962640472617
378,"Victoria","Hackworth","F","Toronto",24832,12,4,978,340,1,0.856242694506775,0.856242694506775
379,"Lane","Reed","M","Montreal",21022,11,5,1185,387,0,0.380834521866857,0.380834521866857
380,"Demi","Vollmer","F","Montreal",20750,7,5,1093,381,1,0.519695060112076,0.519695060112076
381,"Drew","Pickett","M","Montreal",28492,17,5,1206,429,0,0.516388425752434,0.516388425752434
382,"Dylan","Albery","M","Toronto",29282,17,5,1166,445,0,0.31974908316389,0.31974908316389
383,"Savana","Mason","F","Vancouver",44102,24,3,954,436,1,0.725426677481311,0.725426677481311
384,"Amanda","Montgomery","F","Hope",38887,22,4,1038,475,1,0.611949578046547,0.611949578046547
385,"Adriana","Murray","F","Toronto",18874,11,7,1215,499,1,0.688032736735934,0.688032736735934
386,"Allie","Roberts","F","Victoria",19322,11,7,1155,457,1,0.668125909044783,0.668125909044783
387,"Madison","Priest","F","Hope",41054,17,6,1516,562,1,0.776515570407223,0.776515570407223
388,"Tyler","Reyes","M","Montreal",34309,16,5,1219,446,0,0.184639122058843,0.184639122058843
389,"Jennifer","Page","F","Montreal",19361,7,5,1113,381,1,0.611334435073807,0.611334435073807
390,"Niklaus","Giove","M","Montreal",39394,17,3,988,454,0,0.339696843384765,0.339696843384765
391,"Callie","Knauff","F","Hope",18343,5,6,1014,389,1,0.54830745755672,0.54830745755672
392,"Chelsea","Mcpike","F","Montreal",39325,16,5,1177,502,1,0.734751896300705,0.734751896300705
393,"Blake","Kennedy","M","Toronto",32238,20,6,1187,501,0,0.279725945166379,0.279725945166379
394,"Ian","Schmitz","M","Hope",26666,12,4,856,384,0,0.152832227969404,0.152832227969404
395,"Jack","Cross","M","Vancouver",35415,17,3,893,376,0,0.400260881766239,0.400260881766239
396,"Trent","Hanson","M","Hope",29519,15,6,1292,507,0,0.29905653605346,0.29905653605346
397,"Austin","Shippley","M","Toronto",33090,12,5,1123,465,0,0.394736339150003,0.394736339150003
398,"Jayce","Mcdonald","M","Vancouver",23834,10,5,975,419,0,0.340425102819673,0.340425102819673
399,"Jennifer","Hagen","F","Vancouver",18562,18,4,841,323,1,0.666864194916968,0.666864194916968
400,"Brendan","Ball","M","Toronto",41105,15,8,1583,656,0,0.29729426151286,0.29729426151286
401,"Ryan","Buford","M","Victoria",58381,31,4,1113,637,0,0.498527292263851,0.498527292263851
402,"Chelsea","Dever","F","Montreal",26577,15,5,1037,462,1,0.666821530766728,0.666821530766728
403,"Reed","Dragalin","M","Hope",28312,16,5,1188,433,0,0.128105856900028,0.128105856900028
404,"Drew","Vangoey","M","Toronto",49069,25,3,981,501,0,0.483767435938991,0.483767435938991
405,"Kathryn","Howard","F","Victoria",23983,18,5,941,440,1,0.66134877248782,0.66134877248782
406,"Tyler","Fullenwider","M","Toronto",27051,15,8,1461,598,0,0.493481132348092,0.493481132348092
407,"Douglas","Banta","M","Toronto",52121,24,4,1079,547,0,0.255609936487826,0.255609936487826
408,"Tylar","Johnson","F","Toronto",33870,15,4,1100,431,1,0.684682881605598,0.684682881605598
409,"Brandon","Dilka","M","Victoria",16195,10,6,1246,434,0,0.419353844265344,0.419353844265344
410,"Marcus","Slone","M","Vancouver",19205,10,6,1179,446,0,0.198342245649762,0.198342245649762
411,"Kelly","Curtin","F","Montreal",16450,13,6,1096,380,1,0.767592494305514,0.767592494305514
412,"Taylor","Alldredge","F","Victoria",31694,21,1,688,242,1,0.749435835753861,0.749435835753861
413,"Nichole","Raterman","F","Toronto",15532,6,8,1463,488,1,0.782759488769257,0.782759488769257
414,"Julia","Swank","F","Victoria",38850,24,4,985,462,1,0.73426488748867,0.73426488748867
415,"Hunter","Place","M","Victoria",22184,1,7,1249,508,0,0.293374559653763,0.293374559653763
416,"Lily","Hicks","F","Vancouver",46833,21,5,1302,585,1,0.747687631674418,0.747687631674418
417,"Gianni","Speight","F","Victoria",16889,-3,8,1280,523,1,0.481118910424256,0.481118910424256
418,"Alyssa","Ferguson","F","Toronto",33849,11,3,696,356,1,0.648711114018863,0.648711114018863
419,"Austin","Dranberg","M","Vancouver",77807,42,3,1398,677,0,0.6098535908932,0.6098535908932
420,"Kate-Lyn","Limke","F","Toronto",27380,12,4,888,405,1,0.604722639097241,0.604722639097241
421,"Colton","Philbrook","M","Montreal",14979,3,6,1075,389,0,0.312775603505383,0.312775603505383
422,"Kaylynn","Blomeyer","F","Toronto",23728,11,5,1130,406,1,0.736669090553021,0.736669090553021
423,"Chelsea","Alexander","F","Vancouver",38392,16,4,975,448,1,0.742211443942989,0.742211443942989
424,"Katarina","Kochenberger","F","Toronto",12925,9,5,904,346,1,0.458577821628202,0.458577821628202
425,"Michael","Ingle","M","Toronto",43181,32,3,952,428,0,0.40009624452956,0.40009624452956
426,"Christopher","Andrianakos","M","Toronto",35593,16,6,1184,536,0,0.378135680214148,0.378135680214148
427,"Richard","Doyle","M","Victoria",18763,11,5,942,393,0,0.350687718854132,0.350687718854132
428,"Amanda","Sigel","F","Toronto",22331,6,6,1170,432,1,0.694166473829249,0.694166473829249
429,"Devin","Johnson","M","Victoria",23801,3,6,1065,442,0,0.568583367338589,0.568583367338589
430,"Paul","Hoover","M","Montreal",20947,6,7,1295,525,0,0.254342680093621,0.254342680093621
431,"Mitchell","Miron","M","Toronto",22259,5,4,942,341,0,0.329613791090371,0.329613791090371
432,"Annika","Corbetta","F","Montreal",27557,10,6,1220,470,1,0.691519395436792,0.691519395436792
433,"Sebastian","Monarch","M","Vancouver",40002,16,7,1390,652,0,0.298850633051276,0.298850633051276
434,"Andrew","Bronk","M","Toronto",63054,37,5,1239,659,0,0.309477541665692,0.309477541665692
435,"Sara","Krause","F","Montreal",17073,11,5,1085,352,1,0.502990468849266,0.502990468849266
436,"Celeste","Luckett","F","Victoria",28332,19,4,1004,376,1,0.577465270454626,0.577465270454626
437,"Justin","Bommarito","M","Toronto",35104,21,5,1145,523,0,0.253401013319958,0.253401013319958
438,"Dane","Ratzlaff","M","Kamloops",28595,6,6,1115,460,0,0.470215633416486,0.470215633416486
439,"Stephanie","Revis","F","Montreal",27294,21,4,897,374,1,0.547449654961329,0.547449654961329
440,"Michelle","Faul","F","Vancouver",39691,27,4,963,463,1,0.595908301723937,0.595908301723937
441,"Ryen","Besser","F","Vancouver",34282,13,6,1262,510,1,0.574572161834096,0.574572161834096
442,"Kristen","Ravan","F","Hope",18486,8,6,1211,425,1,0.479216953436938,0.479216953436938
443,"Chloe","Boerner","F","Toronto",35139,21,4,1003,441,1,0.708428555977599,0.708428555977599
444,"Michael","Dostal","M","Victoria",20635,8,7,1232,493,0,0.488505930685959,0.488505930685959
445,"Rebecca","Nguyen","F","Montreal",25613,12,4,807,389,1,0.704208255935022,0.704208255935022
446,"Abigail","Stowell","F","Toronto",24747,15,4,795,371,1,0.543053020776601,0.543053020776601
447,"Jordan","Alps","F","Victoria",43066,18,5,1408,575,1,0.754943586744669,0.754943586744669
448,"Jordan","Kettlehut","F","Vancouver",28558,16,5,1103,455,1,0.80729202270941,0.80729202270941
449,"Giuseppe","Metzger","M","Victoria",33463,18,5,1001,487,0,0.163837224302556,0.163837224302556
450,"Rachel","Boyle","F","Montreal",30789,12,6,1270,517,1,0.710819461384949,0.710819461384949
451,"Noah","Bettmann","M","Montreal",27313,8,7,1376,512,0,0.158146193650703,0.158146193650703
452,"Lindsey","Fager","F","Vancouver",35548,19,3,752,390,1,0.725765029290523,0.725765029290523
453,"Kegan","Larson-Piper","M","Toronto",49988,20,4,938,531,0,0.414318999918269,0.414318999918269
454,"Austin","Maiocco","M","Toronto",19694,8,5,853,392,0,0.321117375605651,0.321117375605651
455,"Kirsten","Monroe","F","Victoria",33864,12,6,1405,520,1,0.588029545468855,0.588029545468855
456,"Timothy","Pearson","M","Toronto",23581,17,6,1251,480,0,0.323216352495999,0.323216352495999
457,"Alexander","Harrant","M","Toronto",29469,14,5,1014,458,0,0.184586088711651,0.184586088711651
458,"Joshua","Fenster","M","Toronto",49667,36,3,1065,464,0,0.268446171458633,0.268446171458633
459,"Mariah","Kinney","F","Toronto",26188,12,7,1175,511,1,0.581846861525066,0.581846861525066
460,"Jacob","Styes","M","Toronto",23812,12,5,1013,373,0,0.369617595249985,0.369617595249985
461,"Travis","Baer","M","Victoria",64453,35,3,1162,606,0,0.3394084081946,0.3394084081946
462,"Lindsey","Buckley","F","Victoria",26247,10,7,1249,539,1,0.667359125257064,0.667359125257064
463,"Dustin","Fleet","M","Vancouver",23893,16,5,1155,365,0,0.367266256513657,0.367266256513657
464,"Seth","Bare","M","Hope",22077,11,5,1063,379,0,0.277771321004918,0.277771321004918
465,"Marie","Usher","F","Kamloops",35026,25,4,813,425,1,0.635496449967514,0.635496449967514
466,"Lacee","Sharps","F","Toronto",21319,21,5,1007,395,1,0.580009331133575,0.580009331133575
467,"Madison","Starr","F","Montreal",21807,7,7,1252,476,1,0.637201201600788,0.637201201600788
468,"Karissa","Mendelson","F","Toronto",45879,19,3,948,439,1,0.730389356040376,0.730389356040376
469,"Lauren","Vue","F","Toronto",29346,12,5,913,448,1,0.674513578699088,0.674513578699088
470,"Logan","Morgan","M","Kamloops",46131,23,3,902,465,0,0.349939655035513,0.349939655035513
471,"Nicole","Carter","F","Toronto",23080,7,6,1112,503,1,0.590345794922097,0.590345794922097
472,"Riley","Prolow","M","Victoria",17393,18,4,686,287,0,0.504153863521583,0.504153863521583
473,"George","Neiberger","M","Hope",24794,8,4,700,384,0,0.363536167614757,0.363536167614757
474,"Levi","Oxford","M","Hope",12893,3,6,1052,376,0,0.38196386319853,0.38196386319853
475,"Tessa","Randa","F","Vancouver",21268,9,6,1287,385,1,0.764547571958154,0.764547571958154
476,"Spencer","Winter","M","Montreal",27687,7,6,1206,497,0,0.0841465479711632,0.0841465479711632
477,"Mitchell","Hutchison","M","Kamloops",18159,10,5,796,361,0,0.216656180892962,0.216656180892962
478,"Rory","Smith","M","Kamloops",16314,4,7,1219,469,0,0.257628477553959,0.257628477553959
479,"Abby","Farmer","F","Montreal",24037,7,7,1175,477,1,0.651161498007769,0.651161498007769
480,"Kristina","Kopcik","F","Hope",17720,10,6,1086,428,1,0.7192160780107,0.7192160780107
481,"Tyson","Speir","M","Montreal",21856,6,6,1308,473,0,0.205027777127593,0.205027777127593
482,"Alexandra","Baker","F","Vancouver",45342,20,2,741,418,1,0.849874833672965,0.849874833672965
483,"Kathrine","Barber","F","Vancouver",21764,13,5,1028,389,1,0.626168692503357,0.626168692503357
484,"Skylar","Younger","M","Victoria",37695,28,4,1108,454,0,0.349768149502397,0.349768149502397
485,"Jacob","Kittridge","M","Victoria",41841,21,5,1273,536,0,0.327465927919974,0.327465927919974
486,"Neiko","Dorris","M","Victoria",29288,21,5,1148,444,0,0.280791561843422,0.280791561843422
487,"Scott","Dikeman","M","Hope",29155,10,5,1080,437,0,0.419496737317313,0.419496737317313
488,"Davis","Graham","F","Montreal",39537,18,5,1002,523,1,0.607328916036607,0.607328916036607
489,"Dakota","Sellers","M","Victoria",28337,19,3,663,333,0,0.223489977138628,0.223489977138628
490,"Zachary","Senecaut","M","Victoria",22065,7,5,1021,368,0,0.440891294188493,0.440891294188493
491,"Samuel","Hale","M","Hope",16654,13,5,968,338,0,0.219561949445964,0.219561949445964
492,"Travis","Frederiksen","M","Montreal",14900,10,5,1106,314,0,0.325164471449804,0.325164471449804
493,"Caitlyn","Payne","F","Vancouver",17625,8,5,998,324,1,0.793798476769434,0.793798476769434
494,"Angela","Rogers","F","Victoria",31210,13,6,1203,505,1,0.519084966034327,0.519084966034327
495,"Kelsy","Warvariv","F","Toronto",16291,9,6,960,414,1,0.714569832831695,0.714569832831695
496,"Travis","Brack","M","Hope",16064,0,5,1011,349,0,0.504801797931144,0.504801797931144
497,"Derek","Ditmore","M","Toronto",22361,7,6,1211,429,0,0.109730349260678,0.109730349260678
498,"Dalton","Benitah","M","Hope",23790,19,4,864,359,0,0.392269548594431,0.392269548594431
499,"Michael","Holsteen","M","Montreal",25327,18,4,960,336,0,0.356173101885409,0.356173101885409
500,"Kyle","Raiders","M","Montreal",36915,17,4,1259,447,0,0.294475747529334,0.294475747529334
501,"Derek","Malone","M","Toronto",43955,20,3,947,428,0,0.309222074823152,0.309222074823152
502,"Robert","Cornell","M","Hope",65132,36,3,1096,590,0,0.371041837076101,0.371041837076101
503,"Allison","Archambault","F","Montreal",38181,16,6,1359,587,1,0.652428971466683,0.652428971466683
504,"Thomas","Griffin","M","Vancouver",12848,0,6,870,350,0,0.430209984156507,0.430209984156507
505,"Cole","Millard","M","Montreal",19582,2,6,1133,417,0,0.337572056080189,0.337572056080189
506,"Paul","Walters","M","Vancouver",33415,12,5,1109,484,0,0.300064634468498,0.300064634468498
507,"Brenda","Zeigler","F","Toronto",39468,20,4,1100,460,1,0.685501747467973,0.685501747467973
508,"Collin","Graham","M","Toronto",23558,13,5,921,402,0,0.325496345925702,0.325496345925702
509,"Tiffany","Mitchell","F","Kamloops",32769,11,4,1120,403,1,0.493335474499133,0.493335474499133
510,"Courtney","Culotta","F","Vancouver",30888,13,5,1154,425,1,0.594445865829171,0.594445865829171
511,"Jessica","Robertson","F","Toronto",15932,1,6,1140,421,1,0.479209198229928,0.479209198229928
512,"Kyle","Mcelhoes","M","Vancouver",14791,4,5,902,350,0,0.236278093066329,0.236278093066329
513,"Daphnie","Swan","F","Hope",16272,10,6,1254,404,1,0.493558799756861,0.493558799756861
514,"Kyle","Johnson","M","Montreal",22181,0,6,1165,468,0,0.368054310806875,0.368054310806875
515,"Derek","Stutts","M","Vancouver",38559,15,6,1309,580,0,0.324185392406735,0.324185392406735
516,"Adam","Buchanan","M","Toronto",29254,18,4,1002,369,0,0.382284720376766,0.382284720376766
517,"Luke","Lamb","M","Vancouver",25091,8,6,1418,445,0,0.226801722033328,0.226801722033328
518,"Brandon","Swanbom","M","Toronto",28992,11,5,1113,445,0,0.140409424849428,0.140409424849428
519,"Eloise","Fry","F","Montreal",21416,8,6,1161,435,1,0.655557366167436,0.655557366167436
520,"Amber","Kucera","F","Vancouver",19883,16,5,883,393,1,0.631554282200644,0.631554282200644
521,"Derek","Yow","M","Victoria",34237,14,5,1139,458,0,0.353742290119467,0.353742290119467
522,"Madeline","Koester","F","Toronto",18835,6,6,957,451,1,0.639160352397485,0.639160352397485
523,"Ashley","Wynne","F","Hope",34048,20,4,1101,437,1,0.502530126957302,0.502530126957302
524,"Jaydon","Schroeder","M","Montreal",27361,7,5,968,485,0,0.564167381736361,0.564167381736361
525,"Kathryn","Terpenning","F","Toronto",19489,14,6,1001,474,1,0.531639427070299,0.531639427070299
526,"Jennifer","Pletcher","F","Victoria",31029,12,6,1361,514,1,0.700839719259509,0.700839719259509
527,"Eric","Measom","M","Montreal",23096,9,5,987,387,0,0.237323045035959,0.237323045035959
528,"Kye","Borchert","M","Toronto",32767,19,6,1485,543,0,-0.0237192410673117,-0.0237192410673117
529,"Fedor","Martin","M","Vancouver",36110,20,5,1099,474,0,0.28742353687227,0.28742353687227
530,"Alexandra","Cross","F","Toronto",22511,16,6,1158,452,1,0.628452447599844,0.628452447599844
531,"Kendall","Irvine","F","Toronto",24055,14,5,869,413,1,0.668550900488153,0.668550900488153
532,"Gerald","Brumaghin","M","Montreal",16058,5,5,881,385,0,0.281954526780689,0.281954526780689
533,"Gabriella","Nicodemus","F","Montreal",14664,4,5,894,356,1,0.521870856218135,0.521870856218135
534,"Thomas","King","M","Montreal",28756,16,5,1016,449,0,0.400934674964212,0.400934674964212
535,"Jordan","Stanley","M","Vancouver",20565,22,3,638,276,0,0.270208904189169,0.270208904189169
536,"Gabriel","Simpson","M","Victoria",19531,12,7,1300,486,0,0.267104698324406,0.267104698324406
537,"Britteny","Lakota","F","Victoria",25445,17,5,946,461,1,0.526515807295585,0.526515807295585
538,"Kurdt","Richards","M","Montreal",14177,10,6,998,380,0,0.29671339011059,0.29671339011059
539,"Justin","Callies","M","Vancouver",41729,21,4,990,475,0,0.329945321114864,0.329945321114864
540,"Camille","Firmin","F","Hope",35448,16,6,1178,532,1,0.845433748328698,0.845433748328698
541,"Jace","Gill","M","Hope",50712,23,5,1242,591,0,0.506244886273783,0.506244886273783
542,"Kendra","Foster","F","Montreal",23604,13,6,1073,473,1,0.81510410957067,0.81510410957067
543,"Alison","Boyce","F","Montreal",34829,16,4,972,438,1,0.728942551875804,0.728942551875804
544,"Craig","Goldwasser","M","Toronto",32047,18,5,1360,473,0,0.345117933214947,0.345117933214947
545,"Andres","Whitcomb","M","Victoria",28429,13,5,1010,441,0,0.412579163281732,0.412579163281732
546,"Tyler","Hoshide","M","Vancouver",54714,32,4,1153,583,0,0.316053435552701,0.316053435552701
547,"Meagan","Taggart","F","Toronto",18509,6,5,1020,387,1,0.646704025810393,0.646704025810393
548,"Gwendolyn","Richardson","F","Victoria",35659,20,6,1171,523,1,0.770425424875509,0.770425424875509
549,"Corbin","Brown","M","Vancouver",27349,12,3,734,310,0,0.431453913312805,0.431453913312805
550,"Jessica","Runberg","F","Vancouver",29856,13,5,1120,458,1,0.648260834280793,0.648260834280793
551,"Matthew","Caldwell","M","Victoria",21088,8,8,1500,522,0,0.396303521706598,0.396303521706598
552,"Taylor","Gambina","F","Toronto",23752,18,6,1223,461,1,0.668658902204521,0.668658902204521
553,"Jaymee","Bohrer","F","Victoria",23318,5,7,1323,525,1,0.506684791103567,0.506684791103567
554,"Zackary","Foraker","M","Montreal",38238,15,5,1165,504,0,0.168707490277739,0.168707490277739
555,"Clayton","Dreiling","M","Victoria",24648,5,6,1269,467,0,0.258318907033226,0.258318907033226
556,"Jace","Shomler","M","Montreal",37111,26,2,629,353,0,0.49382809978003,0.49382809978003
557,"Frankie","Abeyta","M","Toronto",15536,2,7,1275,423,0,0.356536869932754,0.356536869932754
558,"Olivia","Ansari","F","Victoria",26515,10,5,988,409,1,0.546734706244467,0.546734706244467
559,"Gabrylle","Drake","F","Toronto",17490,9,6,1082,402,1,0.6422161300903,0.6422161300903
560,"Brian","Dill","M","Montreal",18351,9,5,1108,334,0,0.245031057230663,0.245031057230663
561,"Ronald","Krasikov","M","Toronto",21264,5,7,1222,538,0,0.339791879442093,0.339791879442093
562,"Taylor","Ehrenberg","F","Montreal",41906,23,4,1121,430,1,0.608413767846202,0.608413767846202
563,"Jacob","Aust","M","Toronto",49148,19,4,1162,512,0,0.354229280687127,0.354229280687127
564,"Jesse","Fischel","M","Victoria",23505,9,5,920,427,0,0.313248482442547,0.313248482442547
565,"Michael","Zarecky","M","Kamloops",49770,21,2,756,427,0,0.316446488806071,0.316446488806071
566,"Lauren","Mcguire","F","Hope",34952,16,5,1148,485,1,0.663478690747541,0.663478690747541
567,"Andrew","Young","M","Montreal",14596,6,6,1079,376,0,0.272625047241203,0.272625047241203
568,"Kayla","Crockett","F","Vancouver",31919,17,6,1246,542,1,0.530641725514005,0.530641725514005
569,"Aric","Karge","M","Montreal",13807,7,6,1087,406,0,0.306837743737717,0.306837743737717
570,"Jassmine","Kercher","F","Toronto",15594,7,6,1074,393,1,0.575801642784715,0.575801642784715
571,"Sebastian","Neumann","M","Vancouver",44754,15,6,1514,643,0,0.384608294462351,0.384608294462351
572,"Brynn","Touch","F","Vancouver",29707,19,5,868,439,1,0.720446147915233,0.720446147915233
573,"James","Pierce","M","Toronto",21757,9,7,1275,491,0,0.349922000012243,0.349922000012243
574,"Kelly","Almeyda","F","Vancouver",20063,13,5,941,359,1,0.649615021964041,0.649615021964041
575,"Jane","Squair","F","Vancouver",48272,30,4,1109,535,1,0.824423498775038,0.824423498775038
576,"Deidre","Delano","F","Montreal",19917,3,6,1133,479,1,0.475961601590089,0.475961601590089
577,"Ethan","Brewer","M","Vancouver",28335,13,5,1109,447,0,0.372860921305156,0.372860921305156
578,"Nicholas","Wormington","M","Montreal",37674,22,3,896,387,0,0.407797591324391,0.407797591324391
579,"Tori","Zezulak","F","Toronto",24929,8,5,1011,415,1,0.774199190020876,0.774199190020876
580,"Charles","Harris","M","Toronto",39603,19,4,1057,462,0,0.442986452038695,0.442986452038695
581,"Ryan","Englehart","M","Montreal",16689,7,6,1072,418,0,0.382840575269856,0.382840575269856
582,"Tyrissa","Huppert","F","Toronto",15420,4,6,1227,426,1,0.579687407457757,0.579687407457757
583,"Tanner","Cutbirth","M","Hope",20344,7,7,1323,505,0,0.4591894400018,0.4591894400018
584,"Taylor","Hartman","F","Toronto",30027,12,5,1067,432,1,0.732916880090472,0.732916880090472
585,"Aubri","Long","F","Victoria",16368,13,4,798,326,1,0.569407689748375,0.569407689748375
586,"Caroline","Mostellar","F","Toronto",26803,10,7,1335,485,1,0.707718637659365,0.707718637659365
587,"John","Ely","M","Montreal",36341,22,5,1185,457,0,0.315772100304412,0.315772100304412
588,"Abbigail","Buckley","M","Montreal",44952,16,5,1044,553,0,0.337807932199494,0.337807932199494
589,"Paige","Kelleher","F","Toronto",15303,8,6,853,401,1,0.758056494630751,0.758056494630751
590,"Zachary","Mathisen","M","Victoria",24012,12,5,1032,419,0,0.348205540326378,0.348205540326378
591,"Magdalena","Howard","F","Montreal",21658,13,7,1329,488,1,0.654123259862455,0.654123259862455
592,"Casey","Stgermaine","F","Hope",33884,14,5,1109,485,1,0.684522666129057,0.684522666129057
593,"Megan","Standiford","F","Montreal",36743,15,6,1333,550,1,0.772704905759219,0.772704905759219
594,"Joshua","Kriner","M","Vancouver",18490,10,5,975,345,0,0.271736251269173,0.271736251269173
595,"Kacey","Wentworth","F","Hope",29752,15,4,919,408,1,0.639793784959472,0.639793784959472
596,"Meagan","Thompson","F","Montreal",34997,17,4,1025,476,1,0.775262198467987,0.775262198467987
597,"Bryan","Abramson","M","Victoria",25254,8,5,1079,418,0,0.332766111211794,0.332766111211794
598,"Matthew","Smith","M","Kamloops",47477,23,5,1333,577,0,0.483011435354902,0.483011435354902
599,"Jacob","Jester","M","Montreal",33330,16,6,1237,517,0,0.234524244178898,0.234524244178898
600,"Emily","Wyn","F","Vancouver",45463,26,6,1277,612,1,0.819362914262036,0.819362914262036
601,"Emilia","Costley","F","Montreal",67019,25,4,1239,620,1,0.79707665275956,0.79707665275956
602,"Brent","Kerns","M","Toronto",29275,14,5,1046,469,0,0.165903962368719,0.165903962368719
603,"Shay","Stewart","F","Victoria",15958,5,6,1030,382,1,0.468235840156635,0.468235840156635
604,"Christian","Ricken","M","Montreal",16975,8,5,863,338,0,0.114820530623009,0.114820530623009
605,"Sydney","Starling","F","Toronto",34944,13,7,1587,603,1,0.512784381848159,0.512784381848159
606,"Mariah","Reagan","F","Toronto",45598,22,5,1285,563,1,0.867887576671882,0.867887576671882
607,"Kelsey","Hinze","F","Victoria",32140,10,4,988,406,1,0.629780407344292,0.629780407344292
608,"Joshua","Frezza","M","Montreal",24613,10,4,848,344,0,0.380252090326223,0.380252090326223
609,"Joseph","Webber","M","Toronto",55965,28,5,1489,608,0,0.287144807198034,0.287144807198034
610,"Forrest","Barnick","M","Montreal",41358,15,4,1064,483,0,0.461802321966495,0.461802321966495
611,"Joel","Jarrell","M","Vancouver",31751,12,5,1080,487,0,0.118497706011316,0.118497706011316
612,"Isabelle","Frank","F","Montreal",24046,14,5,1015,403,1,0.868523760750329,0.868523760750329
613,"Richard","Adams","M","Victoria",22760,10,5,898,401,0,0.329889846190143,0.329889846190143
614,"Christopher","Bagley","M","Toronto",24351,12,5,987,383,0,0.393969021923729,0.393969021923729
615,"Kristopher","Bindel","M","Toronto",23959,9,6,1291,448,0,0.266669289170673,0.266669289170673
616,"Danielle","Mills","F","Toronto",52705,25,3,999,483,1,0.715485513806179,0.715485513806179
617,"Kendra","Enroth","F","Hope",25169,11,5,1086,427,1,0.578663743504331,0.578663743504331
618,"Heidi","Sherwood Jr","F","Montreal",30429,9,5,1185,470,1,0.662134853254476,0.662134853254476
619,"Autumn","Barker","F","Toronto",24103,15,6,1313,449,1,0.645446801067445,0.645446801067445
620,"Christyna","Martin","F","Toronto",28002,12,6,1069,500,1,0.497238459358076,0.497238459358076
621,"Kassandra","Heck","F","Montreal",31690,15,5,1016,458,1,0.65171794666454,0.65171794666454
622,"Hannah","Young","F","Hope",26128,11,6,1289,497,1,0.600752722069477,0.600752722069477
623,"Corey","Gross","F","Montreal",55074,30,2,779,446,1,0.693677740388242,0.693677740388242
624,"Emma","Satre","F","Vancouver",32562,21,6,1359,546,1,0.727078720143658,0.727078720143658
625,"Meredith","Schwaigert","F","Vancouver",28024,12,5,949,434,1,0.664165515080491,0.664165515080491
626,"Chace","Freimuth","M","Vancouver",22152,10,6,1149,429,0,0.340926907861042,0.340926907861042
627,"Robert","Mech","M","Victoria",24891,22,4,694,365,0,0.339973610562836,0.339973610562836
628,"Jacob","Bender","M","Montreal",25879,6,5,952,430,0,0.396868157945917,0.396868157945917
629,"Scott","Byam","M","Toronto",32399,19,4,1002,398,0,0.300790896169199,0.300790896169199
630,"Kimberlin","Hoffman","F","Victoria",30490,13,5,1196,442,1,0.623251049341993,0.623251049341993
631,"Sarah","Chandler","F","Montreal",28694,20,5,1342,436,1,0.630706648735085,0.630706648735085
632,"Sydney","Yoder","F","Victoria",15416,1,7,1254,450,1,0.677448940230635,0.677448940230635
633,"Alex","Haug","M","Toronto",22023,15,5,1162,379,0,0.361417418588616,0.361417418588616
634,"Christy","Mc Hugh","F","Vancouver",15832,5,6,1112,400,1,0.74112980182443,0.74112980182443
635,"Joshua","Miller","M","Victoria",15340,8,3,743,247,0,0.144486926732715,0.144486926732715
636,"Kaidon","Hall","M","Toronto",20397,12,6,925,454,0,0.314181136722964,0.314181136722964
637,"Ryley","Hunt","M","Hope",36008,13,4,1003,432,0,0.238236568271464,0.238236568271464
638,"Eric","Hawley","M","Montreal",51297,29,2,982,418,0,0.376800975895238,0.376800975895238
639,"Sonja","Hurst","F","Montreal",19080,8,8,1237,543,1,0.736777299423563,0.736777299423563
640,"Colton","Ohrt","M","Toronto",40409,24,3,975,461,0,0.43208649693888,0.43208649693888
641,"Dakota","Fox","M","Hope",21363,3,4,770,344,0,0.432457182145651,0.432457182145651
642,"Rachael","Castro","F","Hope",16269,6,6,1003,418,1,0.625818529371717,0.625818529371717
643,"Kassandra","Scott-Smith","F","Montreal",26639,13,6,1207,466,1,0.646644719210571,0.646644719210571
644,"Shelby","Jendzel-Scott","F","Victoria",41300,16,4,956,486,1,0.774510415523865,0.774510415523865
645,"Robert","Lucas","M","Victoria",28681,18,4,863,398,0,0.252740545928789,0.252740545928789
646,"Ethan","Peterman","M","Toronto",33059,18,7,1479,547,0,0.251818646068864,0.251818646068864
647,"Alexzandrea","Negley","F","Hope",49466,27,4,1234,545,1,0.878189164144931,0.878189164144931
648,"Caroline","Sporer","F","Montreal",24059,15,5,1141,400,1,0.656092255569817,0.656092255569817
649,"Austin","Potterveld","M","Toronto",24914,19,3,904,370,0,0.408287235765699,0.408287235765699
650,"Mark","Kuhlman","M","Vancouver",29525,17,6,1078,508,0,0.254327731592857,0.254327731592857
651,"Katherine","Ireland","F","Victoria",43242,27,4,1100,501,1,0.676567865670765,0.676567865670765
652,"Olivia","Depuy","F","Vancouver",30564,7,5,1116,438,1,0.56348610331169,0.56348610331169
653,"Jena","Daubenspeck","F","Victoria",63789,33,5,1456,684,1,0.878953815340066,0.878953815340066
654,"Patrick","Bell","M","Toronto",21592,8,8,1396,562,0,0.214929874080245,0.214929874080245
655,"Megan","Benasutti","F","Vancouver",44359,27,1,572,332,1,0.57286688540024,0.57286688540024
656,"Amanda","Mcneely","F","Vancouver",17650,8,7,1268,462,1,0.690752572380338,0.690752572380338
657,"Rachel","Bernard","F","Hope",25960,9,5,866,389,1,0.695911553281434,0.695911553281434
658,"Caleb","Shoemate","M","Montreal",17516,4,6,1064,417,0,0.135279487688291,0.135279487688291
659,"Kimberly","Ryken","F","Vancouver",15074,9,5,801,377,1,0.501824269679951,0.501824269679951
660,"Ahren","Pomeroy","M","Victoria",28132,14,3,887,315,0,0.258972715176837,0.258972715176837
661,"Colby","Brake","M","Victoria",16417,14,6,1136,410,0,0.0872389358327013,0.0872389358327013
662,"Kelsey","Kovanda","F","Toronto",22443,17,4,852,326,1,0.492013007546501,0.492013007546501
663,"Dana","Keeney","F","Hope",31936,10,6,1275,508,1,0.590041899884071,0.590041899884071
664,"Colby","Hicks","M","Victoria",19995,12,5,900,398,0,0.31845084038708,0.31845084038708
665,"Kyla","Bradley","F","Vancouver",39233,16,4,1179,488,1,0.749222652955221,0.749222652955221
666,"Kelsey","Bresnick","F","Victoria",22466,17,3,611,302,1,0.647016668151956,0.647016668151956
667,"Sarah","Simonetti","F","Hope",20896,6,6,1052,455,1,0.64167909562284,0.64167909562284
668,"Helen","Saso","F","Kamloops",21001,14,7,1304,494,1,0.502121481482948,0.502121481482948
669,"Savannah","Lerdall","F","Montreal",53126,28,3,930,509,1,0.645837071716864,0.645837071716864
670,"Sarah","Howell","F","Victoria",42296,27,4,1117,470,1,0.71045694008379,0.71045694008379
671,"Kyle","Mundinger","M","Victoria",25984,11,6,1212,459,0,0.393694562526352,0.393694562526352
672,"Thomas","Parcell","M","Victoria",54856,28,4,1147,592,0,0.348648764450297,0.348648764450297
673,"Patrick","Mostellar","M","Victoria",21608,14,4,831,328,0,0.401137461654015,0.401137461654015
674,"Dillon","Weis","M","Montreal",20682,12,4,842,321,0,0.381330084437779,0.381330084437779
675,"Stephanie","Burke","F","Victoria",24019,13,7,1257,525,1,0.467035841189205,0.467035841189205
676,"Kelsey","Christopherson","F","Vancouver",31129,21,4,976,418,1,0.787873670295469,0.787873670295469
677,"Andrew","Gray","M","Toronto",21254,16,4,906,346,0,0.432678874840914,0.432678874840914
678,"Madeline","Cox","F","Victoria",16207,10,4,732,314,1,0.586831216184987,0.586831216184987
679,"Dominic","Blea","M","Victoria",18725,17,7,1257,498,0,0.190255533086529,0.190255533086529
680,"Amanda","Bellendir","F","Montreal",44147,22,3,755,441,1,0.931280230902421,0.931280230902421
681,"Timothy","Waters","M","Toronto",27351,16,7,1351,539,0,0.331384787350637,0.331384787350637
682,"Isaac","Denning","M","Victoria",28183,3,6,1174,480,0,0.237399705803629,0.237399705803629
683,"Ashleigh","Dicicco","F","Toronto",36794,22,4,1238,450,1,0.740131490844216,0.740131490844216
684,"Devon","Snyder","M","Victoria",52106,25,5,1348,578,0,0.389138818882638,0.389138818882638
685,"Adam","Boerner","M","Victoria",24620,11,4,837,332,0,0.424974724250325,0.424974724250325
686,"Bradley","Morris","M","Montreal",17972,8,7,1278,467,0,0.350477505046488,0.350477505046488
687,"Kristine","Bench","F","Victoria",31227,17,5,1057,465,1,0.689720302354908,0.689720302354908
688,"Ronald","Feigt","M","Montreal",23445,8,5,978,420,0,0.257895707727922,0.257895707727922
689,"Justin","Ellis","M","Victoria",19018,15,5,964,362,0,0.22400939519701,0.22400939519701
690,"Tyler","Grover","M","Montreal",17698,11,5,820,359,0,0.311870960084613,0.311870960084613
691,"Justin","Korinek","M","Montreal",36450,21,1,385,321,0,0.201777473666159,0.201777473666159
692,"Maxwell","Oliver","M","Montreal",37597,16,5,1144,483,0,0.410964987217977,0.410964987217977
693,"Ridge","Ebert","M","Victoria",28042,15,4,762,357,0,0.363740258702037,0.363740258702037
694,"Matthew","Jones","M","Montreal",31972,14,4,1085,434,0,0.332192578486498,0.332192578486498
695,"Ninoska","Nitsch","F","Montreal",24820,21,4,896,368,1,0.489604803470419,0.489604803470419
696,"Adam","Guynes","M","Hope",12510,3,7,1106,435,0,0.169853472984805,0.169853472984805
697,"Alexis","Crane","F","Montreal",34324,15,4,970,401,1,0.751704478080921,0.751704478080921
698,"Kenny","Nelson","M","Hope",33429,11,5,1233,461,0,0.242809326589456,0.242809326589456
699,"Tyler","Smith","M","Victoria",22772,18,5,1068,406,0,0.281305427009793,0.281305427009793
700,"Daniel","Hatcher","M","Montreal",26983,9,5,1055,429,0,0.23537102708043,0.23537102708043
701,"Hope","Frost","F","Toronto",28697,26,3,738,351,1,0.703796859276199,0.703796859276199
702,"Kelsey","Crosby","F","Toronto",25414,11,6,1044,483,1,0.608588715644565,0.608588715644565
703,"Emily","Bright","F","Victoria",22268,16,5,953,369,1,0.826098258364076,0.826098258364076
704,"Savanna","Jenks","F","Montreal",44606,24,5,1255,552,1,0.840587632486907,0.840587632486907
705,"Michael","Schadegg","M","Toronto",38747,20,5,1106,515,0,0.384374388997493,0.384374388997493
706,"Brandon","Quinby","M","Montreal",18048,16,5,1032,377,0,0.22544551051302,0.22544551051302
707,"Karynne","Skogen","F","Vancouver",24056,13,7,1309,506,1,0.624850756246867,0.624850756246867
708,"Dylan","Stepp","M","Toronto",18463,2,6,1002,394,0,0.513613596131382,0.513613596131382
709,"Austen","Koenig","M","Hope",19435,9,5,1097,430,0,0.327007691810906,0.327007691810906
710,"Jake","Wisda","M","Montreal",21546,7,6,978,399,0,0.349206175477334,0.349206175477334
711,"Duncan","Grush","M","Montreal",37072,17,4,1137,444,0,0.366415695831531,0.366415695831531
712,"Andra","Brown","F","Montreal",17666,7,6,1068,444,1,0.756922468995302,0.756922468995302
713,"Rachel","Hall","F","Hope",21469,17,5,959,398,1,0.70583856300517,0.70583856300517
714,"Vitaliy","Horton","M","Victoria",16585,7,7,1349,470,0,0.348064520939691,0.348064520939691
715,"Shyane","Sumlin","F","Montreal",21679,14,6,918,465,1,0.703076714438166,0.703076714438166
716,"Caroline","Walter","F","Hope",27228,12,7,1330,524,1,0.616800162797408,0.616800162797408
717,"Samantha","Rudeen","F","Vancouver",48095,23,4,1100,535,1,0.643533228918907,0.643533228918907
718,"Mckenna","Reed","F","Toronto",50638,25,3,880,453,1,0.596210549712005,0.596210549712005
719,"Taylor","Hess","M","Montreal",28422,14,7,1267,517,0,0.162219208127844,0.162219208127844
720,"Abigail","Mccachren","F","Toronto",29087,12,7,1392,536,1,0.73002212560743,0.73002212560743
721,"Joshua","Ericson","M","Victoria",16455,10,6,1194,409,0,0.291711461759876,0.291711461759876
722,"Kimberly","Diem","F","Montreal",34351,20,4,1041,482,1,0.519243206671583,0.519243206671583
723,"Michael","Polgar","M","Montreal",32179,8,5,969,475,0,0.164396732146634,0.164396732146634
724,"Rebecca","Williams","F","Montreal",24150,10,5,1106,386,1,0.721431886609567,0.721431886609567
725,"Scott","Liebmann","M","Montreal",26987,9,5,1092,416,0,0.433134072277477,0.433134072277477
726,"Dillan","Myers","M","Montreal",47223,26,3,917,451,0,0.339933716636979,0.339933716636979
727,"Christian","Koehn","M","Hope",41439,22,5,1416,511,0,0.207660976046207,0.207660976046207
728,"Jon","Hammitt","M","Montreal",25709,15,5,1007,400,0,0.360466514658197,0.360466514658197
729,"Andrea","Pierce","F","Victoria",41408,19,4,1069,494,1,0.593497494961404,0.593497494961404
730,"Nathan","Seidel","M","Vancouver",32443,17,6,1368,521,0,0.42210832012096,0.42210832012096
731,"Tristan","Applegate","M","Toronto",20001,12,5,1023,396,0,0.232832196578973,0.232832196578973
732,"Monica","Dawson","F","Vancouver",29337,13,7,1363,527,1,0.682531477991867,0.682531477991867
733,"Haley","Mckenney","F","Hope",19906,7,5,953,376,1,0.686795268802481,0.686795268802481
734,"Tobias","Terry","M","Vancouver",18693,12,5,904,358,0,0.294309401492264,0.294309401492264
735,"John","Melendrez","M","Toronto",22833,8,6,1143,449,0,0.412495075751446,0.412495075751446
736,"Jo-El","Myers","F","Toronto",43553,17,4,1117,459,1,0.601356120797884,0.601356120797884
737,"Natasha","Taylor","F","Montreal",24998,13,5,1015,435,1,0.621604993085569,0.621604993085569
738,"Chayce","Bradley","M","Montreal",22491,14,5,1025,366,0,0.13393401006726,0.13393401006726
739,"Dustin","Sikich","M","Victoria",22168,5,6,1276,444,0,0.173297071371849,0.173297071371849
740,"Alicia","Frahmann","F","Vancouver",23290,15,4,781,339,1,0.54588844967833,0.54588844967833
741,"Quinby","Behling","F","Montreal",21848,9,5,856,404,1,0.572699989417452,0.572699989417452
742,"Kayla","Rosier","F","Hope",18833,12,5,964,374,1,0.635759054727348,0.635759054727348
743,"Emily","Gragg","F","Toronto",26006,8,5,973,425,1,0.670682942278263,0.670682942278263
744,"Caroline","Parr","F","Victoria",21396,11,6,1167,443,1,0.465192897034428,0.465192897034428
745,"Brock","Courim","M","Hope",31276,10,6,1083,486,0,0.444815517597316,0.444815517597316
746,"William","Harms","M","Montreal",36929,12,4,1022,461,0,0.316583029182565,0.316583029182565
747,"Toni","Greer","F","Vancouver",37428,9,6,1338,574,1,0.715667234866084,0.715667234866084
748,"Daryl","Baum","F","Montreal",21358,10,6,1159,457,1,0.710679312692274,0.710679312692274
749,"Alina","Thorpe","F","Vancouver",23604,7,6,1289,459,1,0.61312087802554,0.61312087802554
750,"William","Giovannucci","M","Montreal",14822,6,7,1177,449,0,0.145438879202733,0.145438879202733
751,"Raina","Herl","F","Montreal",27961,22,6,1224,475,1,0.764406795309513,0.764406795309513
752,"Karlie","Korchuk","F","Victoria",31330,18,5,948,473,1,0.610690012563718,0.610690012563718
753,"Marina","Snyder","F","Montreal",15627,0,7,1215,464,1,0.517795858390959,0.517795858390959
754,"Matthew","Seligova","M","Victoria",22477,5,6,1217,450,0,0.228763644166164,0.228763644166164
755,"Brayden","Myers","M","Montreal",21902,8,5,942,378,0,0.148251859984336,0.148251859984336
756,"Tanner","Davis","M","Montreal",52929,25,3,992,482,0,0.411837062791215,0.411837062791215
757,"Sarah","Netherton","F","Hope",24954,6,6,1088,460,1,0.729796768461639,0.729796768461639
758,"Kelsey","Zanon","F","Toronto",34449,16,6,1191,518,1,0.783890324699586,0.783890324699586
759,"Nadiya","Harroun","F","Toronto",32620,13,6,1335,524,1,0.804611258607116,0.804611258607116
760,"Anthony","Dripps","M","Montreal",41261,23,5,1225,505,0,0.348048669990885,0.348048669990885
761,"Eric","Kelley","M","Kamloops",17605,14,5,930,343,0,0.320405292157886,0.320405292157886
762,"Cade","Collins","M","Toronto",21717,10,6,1121,455,0,0.474067027957002,0.474067027957002
763,"Johanna","Palser","F","Vancouver",20403,3,8,1473,542,1,0.682686463557147,0.682686463557147
764,"Diana","Rogers","F","Toronto",22111,17,5,1000,404,1,0.551393373680175,0.551393373680175
765,"Raeanna","Shivley","F","Vancouver",22459,6,6,969,465,1,0.692367996523189,0.692367996523189
766,"Jordan","Pepper","F","Montreal",49852,23,3,1075,468,1,0.806775583984262,0.806775583984262
767,"Katherine","Martin","F","Toronto",23510,9,7,1316,489,1,0.482896658371718,0.482896658371718
768,"Trace","Howard","F","Kamloops",17039,5,4,717,298,1,0.634533455221389,0.634533455221389
769,"Katelyn","Lynch","F","Montreal",20453,6,5,1085,365,1,0.648624022763125,0.648624022763125
770,"Pierce","Tarus","M","Toronto",32343,19,3,821,382,0,0.333508750034987,0.333508750034987
771,"Richard","Wright","M","Toronto",40840,17,6,1352,563,0,0.301976691743877,0.301976691743877
772,"Cheyenne","Heitman","F","Vancouver",12822,5,7,1274,435,1,0.661914305483765,0.661914305483765
773,"Christian","Murray","M","Toronto",21350,9,6,1229,480,0,0.386282597494859,0.386282597494859
774,"Ariane","Mercer","F","Toronto",45333,26,4,1096,492,1,0.677782340663783,0.677782340663783
775,"Gabrielle","Zolman","F","Hope",20072,2,7,1305,453,1,0.710203550081559,0.710203550081559
776,"Tyler","Nelson","M","Toronto",79186,40,5,1472,791,0,0.439100241367564,0.439100241367564
777,"Shelby","Bartlett","F","Montreal",36106,20,4,872,438,1,0.703403975640658,0.703403975640658
778,"Kendra","Shumake-Walker","F","Montreal",13821,-4,8,1211,468,1,0.567854643748832,0.567854643748832
779,"Isaac","Cortvriendt","M","Vancouver",19305,5,6,864,436,0,0.154623021975798,0.154623021975798
780,"Brandon","Frick","M","Toronto",32283,21,5,969,496,0,0.239607306651396,0.239607306651396
781,"Leah","Cisarik","F","Hope",45957,17,3,1002,498,1,0.833347462081122,0.833347462081122
782,"Suni","Khadorkovskiy","F","Toronto",29846,12,4,1029,396,1,0.716910963064388,0.716910963064388
783,"Robert","Duplesys","M","Toronto",28805,13,5,1158,430,0,0.394159528695509,0.394159528695509
784,"Marik","Toby","M","Victoria",22240,12,6,1063,463,0,0.343111857061644,0.343111857061644
785,"Joan","Kutz","F","Toronto",23451,5,6,1068,465,1,0.789637383229049,0.789637383229049
786,"Ellen","Jackson","F","Montreal",36884,23,4,1022,475,1,0.623667590049899,0.623667590049899
787,"Austin","Smith","M","Montreal",17334,1,6,1154,395,0,0.189375368672142,0.189375368672142
788,"Trevor","Noble","M","Victoria",32720,10,4,1063,378,0,0.227696489226527,0.227696489226527
789,"Alison","Buckman","F","Hope",38355,18,5,1172,491,1,0.615336211532661,0.615336211532661
790,"Kendra","Brewer","F","Montreal",20144,9,6,1072,378,1,0.603232419054652,0.603232419054652
791,"Corinne","Reagan","F","Montreal",65116,30,1,793,501,1,0.954528838468473,0.954528838468473
792,"Melissa","Hess","F","Hope",32348,18,3,790,354,1,0.795998490817021,0.795998490817021
793,"Dylan","Lehmkuhl","M","Kamloops",16793,2,7,1107,494,0,0.233050102747793,0.233050102747793
794,"Blake","Ernstoff","M","Montreal",32444,20,6,1273,559,0,0.416824710970005,0.416824710970005
795,"Medina","Ayers","F","Kamloops",22446,15,6,1259,450,1,0.667322883401709,0.667322883401709
796,"Joshua","Retting","M","Toronto",17300,12,4,772,306,0,0.258363442068225,0.258363442068225
797,"Bradyn","Twist","M","Toronto",27262,16,4,874,356,0,0.34393717881037,0.34393717881037
798,"Maris","Clem","F","Vancouver",24968,11,5,1034,442,1,0.689382575074566,0.689382575074566
799,"Michelle","Fisher","F","Victoria",27503,14,4,807,409,1,0.608749593437674,0.608749593437674
800,"Kathleen","Laudel","F","Montreal",29994,7,5,1234,457,1,0.650506635052737,0.650506635052737
801,"Stephanie","Roske","F","Montreal",30095,11,5,1256,488,1,0.565842818222834,0.565842818222834
802,"Brandon","Gardoni","M","Victoria",28882,20,3,794,363,0,0.40293938217688,0.40293938217688
803,"Joshua","Kern","M","Vancouver",37495,13,7,1451,613,0,0.144419457142526,0.144419457142526
804,"Ethan","Quinn","M","Toronto",19451,14,5,860,400,0,0.290067585664298,0.290067585664298
805,"Boris","Greaves","M","Victoria",20733,6,6,1136,446,0,0.373564781178385,0.373564781178385
806,"Katharine","Bruemmer","F","Vancouver",29409,13,5,1187,456,1,0.608767894198862,0.608767894198862
807,"Drew","Garcia","M","Vancouver",32776,15,6,1199,525,0,0.312998753332971,0.312998753332971
808,"Tyler","Adkins","M","Montreal",25246,13,6,1227,444,0,0.130660315034667,0.130660315034667
809,"Andrea","Eurick","F","Vancouver",46004,11,7,1476,631,1,0.652839211874273,0.652839211874273
810,"Sabrina","Haney","F","Vancouver",20528,12,5,875,363,1,0.559079049276408,0.559079049276408
811,"Kaytlin","Younger","F","Toronto",41344,16,5,1118,565,1,0.872748210082838,0.872748210082838
812,"Jenna","Howe","F","Vancouver",20407,16,5,891,385,1,0.599372331920292,0.599372331920292
813,"Hailey","Richardson","F","Toronto",38487,19,3,988,431,1,0.686862271062467,0.686862271062467
814,"Brandon","Ryden","M","Montreal",39708,20,4,804,457,0,0.396865573793504,0.396865573793504
815,"Laura","Morosini","F","Toronto",24326,9,5,1071,426,1,0.521978836860104,0.521978836860104
816,"Elizabeth","Fioretto","F","Montreal",28781,6,5,1274,431,1,0.728465577965927,0.728465577965927
817,"Daniel","Dutton","M","Vancouver",34774,15,3,955,374,0,0.385297255660174,0.385297255660174
818,"Tristin","Nelson","F","Toronto",27247,18,3,793,350,1,0.719861609382254,0.719861609382254
819,"Kaitlynn","Eskridge","F","Montreal",23585,16,3,763,319,1,0.724959850445959,0.724959850445959
820,"Kiernan","Weitzel","F","Victoria",49232,26,3,1041,428,1,0.772001548843548,0.772001548843548
821,"Vaughn","Kuhr","M","Hope",54166,27,4,1172,584,0,0.315710158695793,0.315710158695793
822,"Julian","Miklin","M","Toronto",30170,23,5,1046,457,0,0.326101763268091,0.326101763268091
823,"Marisa","White","F","Vancouver",27612,16,6,1195,452,1,0.645666425629145,0.645666425629145
824,"Nicole","Beltz","F","Toronto",30111,17,5,1079,449,1,0.626347544003705,0.626347544003705
825,"Zachary","Simons","M","Vancouver",28879,13,5,1131,456,0,0.194197123966599,0.194197123966599
826,"Stevie","Ulrich","F","Montreal",21225,2,7,1226,516,1,0.506278277202134,0.506278277202134
827,"Garrett","Mills","M","Hope",15928,6,6,934,420,0,0.314891649577656,0.314891649577656
828,"Ashley","Brecheisen","F","Toronto",46075,28,5,1427,563,1,0.922241192318745,0.922241192318745
829,"Steven","Gocio","M","Vancouver",33897,24,5,1167,470,0,0.395963252406828,0.395963252406828
830,"Ezequiel","Finan","M","Montreal",23466,8,6,1190,439,0,0.409671922238467,0.409671922238467
831,"Ashton","Lighthart","M","Victoria",25594,11,4,949,379,0,0.559343224320532,0.559343224320532
832,"Matthew","Dieck","M","Toronto",22358,6,7,1381,502,0,0.188974572825024,0.188974572825024
833,"Shannon","Labbe","F","Montreal",26802,5,7,1353,528,1,0.722551093155277,0.722551093155277
834,"Audrey","Seier","F","Toronto",44507,23,4,1035,489,1,0.765598316243524,0.765598316243524
835,"Quinsen","Deighton","M","Toronto",21697,13,6,1363,453,0,0.218424005271615,0.218424005271615
836,"Marissa","Gray-Stathatos","F","Toronto",30305,12,7,1471,547,1,0.748251842371429,0.748251842371429
837,"Matthew","White-Cross","M","Montreal",15514,7,7,1114,418,0,0.231268238877229,0.231268238877229
838,"Jacob","Hines","M","Montreal",24630,11,4,933,378,0,0.149846122109736,0.149846122109736
839,"Chelsea","Freeman","F","Vancouver",34920,12,5,1203,454,1,0.716444202389636,0.716444202389636
840,"Kathryn","Stonesmith","F","Toronto",31387,17,3,626,382,1,0.754752687908114,0.754752687908114
841,"Greyson","Stewart","M","Hope",24144,12,6,1228,417,0,0.284454854334303,0.284454854334303
842,"Ariana","Hickey","F","Victoria",45875,25,4,1146,493,1,0.820173760547566,0.820173760547566
843,"Taylor","Gross","F","Vancouver",58348,28,3,1045,539,1,0.696919690094622,0.696919690094622
844,"Demetrios","Valora","M","Toronto",41069,19,5,1341,511,0,0.390579045069432,0.390579045069432
845,"Steffanie","Cohan","F","Victoria",22469,6,4,845,377,1,0.725622714066444,0.725622714066444
846,"Ava","Wagenknecht","F","Montreal",14169,7,6,1111,401,1,0.672410918292168,0.672410918292168
847,"Emily","Sattenspiel","F","Kamloops",26830,16,4,836,357,1,0.708807729231946,0.708807729231946
848,"Brooke","Gander II","F","Vancouver",24601,8,5,1197,446,1,0.774063529300691,0.774063529300691
849,"Natalie","Hora","F","Victoria",23526,12,5,1014,397,1,0.753058552004412,0.753058552004412
850,"Rebecca","Macfarlane","F","Hope",22209,7,6,1155,468,1,0.672669729902428,0.672669729902428
851,"Chad","Eberhardt","M","Vancouver",21304,17,4,800,332,0,0.148577090059912,0.148577090059912
852,"Jenelle","Watson","F","Montreal",19305,10,5,820,370,1,0.666020265631021,0.666020265631021
853,"Ann","Allgood","F","Toronto",16856,5,5,1036,391,1,0.669694134546164,0.669694134546164
854,"Shantel","Loberg","F","Montreal",24236,16,5,1052,419,1,0.549269686286708,0.549269686286708
855,"Paige","Velvin","F","Vancouver",39808,17,4,1193,456,1,0.717820850475254,0.717820850475254
856,"Orion","Hollenbeck","M","Toronto",38760,26,2,741,375,0,0.428146416185381,0.428146416185381
857,"Kelcee","Berry","F","Hope",12083,4,6,1082,430,1,0.695429124849391,0.695429124849391
858,"Jordan","Schell","M","Kamloops",29282,15,6,1221,516,0,0.359045225407721,0.359045225407721
859,"Kristina","Day","F","Hope",14506,5,7,1382,464,1,0.728884835928244,0.728884835928244
860,"Rachel","Lytle","F","Toronto",35259,17,4,1192,429,1,0.695211064757534,0.695211064757534
861,"Austin","Swenson","M","Montreal",37002,19,4,870,420,0,0.326631302266979,0.326631302266979
862,"Dakotah","Mclelan","M","Montreal",12282,6,7,1123,394,0,0.303306692728694,0.303306692728694
863,"Madeliene","Butcher","F","Montreal",34187,16,5,1062,465,1,0.756761079151564,0.756761079151564
864,"Nicholas","Bornhoft","M","Montreal",36898,17,4,922,487,0,0.317171574584855,0.317171574584855
865,"Eric","Melcher","M","Toronto",22411,7,6,1153,450,0,0.28746780613929,0.28746780613929
866,"Jesse","Golditch","M","Vancouver",17207,9,6,1113,453,0,0.289359427265052,0.289359427265052
867,"Rebekah","Roe","F","Toronto",38163,17,3,894,427,1,0.638796877370331,0.638796877370331
868,"Samantha","Horowitz","F","Vancouver",38357,19,5,1267,508,1,0.670701391807065,0.670701391807065
869,"Alexander","Simmon","M","Victoria",54006,26,4,1029,535,0,0.371233520044744,0.371233520044744
870,"Jaden","Waits","M","Hope",25937,11,5,928,395,0,0.442979740133303,0.442979740133303
871,"Gavin","Carson","M","Toronto",41910,27,5,1253,519,0,0.383911756868064,0.383911756868064
872,"Christiana","Zirger","F","Toronto",32019,18,4,927,449,1,0.539897909480738,0.539897909480738
873,"Kathleen","White","F","Montreal",34761,17,4,1042,434,1,0.478689307119068,0.478689307119068
874,"Travis","Heine","M","Toronto",45480,20,5,1298,558,0,0.39368645845502,0.39368645845502
875,"Dibenhi","Smith","F","Toronto",30511,20,5,1042,454,1,0.562751176412685,0.562751176412685
876,"Jonathan","Malone","M","Vancouver",64363,25,4,1439,653,0,0.542116346265223,0.542116346265223
877,"Rhiannon","Kingsford","F","Vancouver",23680,11,6,1123,445,1,0.768313998760896,0.768313998760896
878,"Reed","Vondran","M","Montreal",30605,13,4,947,398,0,0.305002084612938,0.305002084612938
879,"Rachel","Knox","F","Victoria",36395,10,5,951,481,1,0.776385441599254,0.776385441599254
880,"Heidi","Goetz","F","Montreal",30219,19,5,1046,434,1,0.765247822487255,0.765247822487255
881,"Rachel","Anley","F","Victoria",56647,25,6,1630,641,1,0.787243302562068,0.787243302562068
882,"Katey","Hyatt","F","Toronto",20915,9,5,942,365,1,0.821723612198522,0.821723612198522
883,"Krista","O Neill","F","Toronto",24719,18,6,1094,447,1,0.726694120012528,0.726694120012528
884,"Jake","Grove","M","Victoria",35279,15,4,1033,447,0,0.333815451059092,0.333815451059092
885,"Rae","Loiselle","F","Kamloops",22929,11,5,1113,434,1,0.5719248039102,0.5719248039102
886,"Kassidy","Austin","F","Vancouver",19983,6,6,1297,425,1,0.692819383675528,0.692819383675528
887,"Rebekah","Adams","F","Victoria",23719,10,5,979,399,1,0.851601375944902,0.851601375944902
888,"Ben","Pentz","M","Toronto",15759,10,6,1086,408,0,0.439941308161577,0.439941308161577
889,"Katherine","Pitts","F","Victoria",33942,18,4,902,408,1,0.62170195614818,0.62170195614818
890,"Melissa","Kalinowski","F","Vancouver",27473,10,5,986,419,1,0.665161544072543,0.665161544072543
891,"Sean","Hatheway","M","Vancouver",27089,14,5,1190,407,0,0.246452862518856,0.246452862518856
892,"Cassandra","Major","F","Montreal",38062,21,5,1378,502,1,0.813073376886003,0.813073376886003
893,"Tyler","Monahan","M","Vancouver",52349,27,2,881,452,0,0.346843365570149,0.346843365570149
894,"Amber","Wilson","F","Toronto",22488,11,5,918,407,1,0.549046690853748,0.549046690853748
895,"Hannah","Reed","F","Vancouver",27084,13,6,1172,466,1,0.538686092049463,0.538686092049463
896,"Jalen","Willis","M","Vancouver",27385,14,5,1018,485,0,0.309659918232842,0.309659918232842
897,"Tanner","Kerr","M","Toronto",46120,16,4,1163,494,0,0.202443143810319,0.202443143810319
898,"Courtney","Ancell","F","Toronto",20425,9,4,948,324,1,0.679681556096948,0.679681556096948
899,"Jordan","Fox","M","Montreal",31305,15,4,992,420,0,0.372446985114219,0.372446985114219
900,"Sarah","Eldringhoff","F","Montreal",27227,10,6,1140,475,1,0.688995090626957,0.688995090626957
901,"Tyler","Phillips","M","Toronto",32764,19,4,961,398,0,0.343062005635924,0.343062005635924
902,"Cody","Sarno","M","Montreal",23020,12,6,1237,450,0,0.287993009811793,0.287993009811793
903,"Jordan","Dorovskikh","M","Hope",15873,8,7,1336,454,0,0.391075925015625,0.391075925015625
904,"Teddy","Linville","F","Victoria",30940,18,5,1135,480,1,0.545112016540171,0.545112016540171
905,"Allecyn","Manshardt","F","Hope",57455,37,3,1210,525,1,0.709218628212279,0.709218628212279
906,"Ashleigh","Santos","F","Victoria",35508,16,5,1002,466,1,0.708412998059887,0.708412998059887
907,"Elizabetha","Farnum","F","Vancouver",42075,19,5,1220,561,1,0.696617857507485,0.696617857507485
908,"Heather","Martin","F","Vancouver",48474,28,4,1087,532,1,0.674822785797996,0.674822785797996
909,"Eva","Riccio","F","Toronto",38236,24,7,1389,639,1,0.70786467634153,0.70786467634153
910,"Andrew","Tikkanen","M","Hope",33742,16,5,1062,458,0,0.23253819916876,0.23253819916876
911,"Payton","Walker","F","Montreal",22351,9,7,1250,516,1,0.667927111542992,0.667927111542992
912,"Kayla","Burmania","F","Montreal",20272,-1,6,955,417,1,0.673490661132907,0.673490661132907
913,"Jordan","Marsh","M","Toronto",21027,8,6,1198,458,0,0.284612276762788,0.284612276762788
914,"Katelyn","Ford","F","Hope",26859,12,4,888,398,1,0.687055051988608,0.687055051988608
915,"Westin","Ness","M","Victoria",23836,12,6,1144,464,0,0.228716788905221,0.228716788905221
916,"Erik","Simpson-Johnson","M","Toronto",26487,15,5,961,440,0,0.291737175121964,0.291737175121964
917,"Audrey","Hathaway","F","Victoria",39493,18,3,904,425,1,0.731134581368442,0.731134581368442
918,"Luke","Arnold","M","Montreal",14475,2,7,1097,473,0,0.104028815512253,0.104028815512253
919,"Kayson","Danielson","M","Toronto",25764,13,5,1113,420,0,0.337447241884293,0.337447241884293
920,"Mark","Rush","M","Hope",21797,11,6,1073,428,0,0.253393107582208,0.253393107582208
921,"Todd","Werner","M","Hope",14596,4,8,1386,520,0,0.195827209128355,0.195827209128355
922,"Matthew","Brammer","M","Victoria",20186,7,6,1081,416,0,0.258126173105129,0.258126173105129
923,"Elijah","Mott","M","Vancouver",24301,16,5,1207,413,0,0.441123516927176,0.441123516927176
924,"Brian","Halvorson","M","Montreal",21480,13,6,1125,457,0,0.486748514242627,0.486748514242627
925,"Abigail","Schuyler","F","Hope",27888,19,4,905,393,1,0.557359445476958,0.557359445476958
926,"Alexander","Rogers","M","Montreal",24223,15,5,1088,425,0,0.170468527371307,0.170468527371307
927,"Rebecca","Keasling","F","Hope",23374,19,5,990,436,1,0.797191340911524,0.797191340911524
928,"Madeline","Smith","F","Hope",22161,12,6,1176,434,1,0.535421157755085,0.535421157755085
929,"Skye","Thomas","F","Montreal",35283,10,6,1245,531,1,0.592365148526676,0.592365148526676
930,"David","Finnell","M","Toronto",19641,14,6,1141,444,0,0.324021782777938,0.324021782777938
931,"Jonathan","Aryana","M","Toronto",32821,21,4,1007,423,0,0.232138359678523,0.232138359678523
932,"Joshua","Brown","M","Toronto",30922,16,6,1321,534,0,0.183084457059307,0.183084457059307
933,"Anna","Sapp","F","Montreal",30527,9,7,1467,558,1,0.777424682997553,0.777424682997553
934,"Jonathan","Ursetta","M","Vancouver",48146,14,6,1522,594,0,0.497530095497115,0.497530095497115
935,"Abedel","Arnold","M","Hope",32553,17,6,1310,523,0,0.426872824683212,0.426872824683212
936,"Tyler","Fanning","M","Montreal",67764,31,2,1086,526,0,0.304361211850576,0.304361211850576
937,"Jacob","Brinkworth","M","Toronto",14718,8,5,837,357,0,0.151479958556705,0.151479958556705
938,"Nathaniel","Gorrell","M","Vancouver",37413,19,5,1192,458,0,0.181632058989567,0.181632058989567
939,"Destiny","Dunn","F","Montreal",31360,16,6,1129,494,1,0.610830515205439,0.610830515205439
940,"Brittany","Thorn","F","Vancouver",17309,6,7,1342,427,1,0.522378022086197,0.522378022086197
941,"Alexa","Page","F","Toronto",14370,7,5,890,374,1,0.672900225566957,0.672900225566957
942,"Peter","Gregston","M","Toronto",17477,13,4,754,327,0,0.207452441922077,0.207452441922077
943,"Braden","Cooprider","M","Toronto",42687,24,7,1495,641,0,0.230403828030614,0.230403828030614
944,"Michael","Wilcoxon","M","Hope",38435,17,4,1028,464,0,0.426637602803857,0.426637602803857
945,"Justine","Quintero","F","Toronto",35990,21,4,1123,439,1,1.0289162190008,1.0289162190008
946,"Kylee","Rawdon","F","Vancouver",16678,5,5,826,377,1,0.605254391308313,0.605254391308313
947,"Alexander","Weaver","M","Montreal",23668,9,3,706,301,0,0.298906710275083,0.298906710275083
948,"Andrew","Kittelsen","M","Vancouver",25674,13,5,1148,447,0,0.32199252744528,0.32199252744528
949,"Vincent","Simpson","M","Hope",25250,8,6,1236,451,0,0.289446993462996,0.289446993462996
950,"Nicholas","Westmoreland","M","Toronto",53296,24,6,1558,675,0,0.38120685281481,0.38120685281481
951,"Tristan","George","M","Toronto",65207,34,3,1187,564,0,0.340874478972648,0.340874478972648
952,"Serena","Pizzarusso","F","Hope",21715,9,7,1320,502,1,0.61195146820258,0.61195146820258
953,"Chandler","Ollweiler","M","Hope",21108,11,3,607,293,0,0.0518537507988582,0.0518537507988582
954,"Olivia","Zimmerle","F","Toronto",52583,27,4,1101,582,1,0.686806366041642,0.686806366041642
955,"Elizabeth","Brandorff","F","Victoria",30852,19,6,1202,491,1,0.596263698250812,0.596263698250812
956,"Dylan","Lynch","M","Toronto",28592,15,7,1354,544,0,0.378474213919582,0.378474213919582
957,"Levi","Sexton","M","Toronto",39505,17,5,1158,514,0,0.471305130043893,0.471305130043893
958,"Ethan","Miklovic","M","Vancouver",27841,12,5,1091,454,0,0.276303598155998,0.276303598155998
959,"Haley","Bertron","F","Montreal",53012,31,2,858,418,1,0.710191840821473,0.710191840821473
960,"Anna","Whitmore","F","Montreal",18698,5,6,925,437,1,0.708430659316496,0.708430659316496
961,"Elizabeth","Miller","F","Vancouver",41168,16,5,1126,534,1,0.515362429453965,0.515362429453965
962,"Alexander","Magnetti","M","Vancouver",21514,14,5,1065,400,0,0.20973850765693,0.20973850765693
963,"Caitlin","Bufmack","F","Hope",34448,12,4,930,445,1,0.815416802319459,0.815416802319459
964,"Benjamin","Lingold","M","Hope",31861,10,5,1096,466,0,0.244126052917894,0.244126052917894
965,"Sophia","Dierkson","F","Victoria",27073,14,5,844,421,1,0.741894522787893,0.741894522787893
966,"Tanner","Clark","M","Vancouver",38262,23,5,1092,472,0,0.154769907132047,0.154769907132047
967,"Stephanie","Pederson","F","Vancouver",21079,11,5,889,404,1,0.751477956658667,0.751477956658667
968,"Andrea","Brown","F","Vancouver",20816,12,5,969,385,1,0.730763087817037,0.730763087817037
969,"Elaine","Muckelrath","F","Montreal",16838,6,4,832,305,1,0.530454228244983,0.530454228244983
970,"Jade","Lerman","F","Toronto",48452,18,5,1278,527,1,0.775673382009248,0.775673382009248
971,"Devon","Huey","M","Victoria",21627,14,6,1090,421,0,0.333555650364392,0.333555650364392
972,"Kendall","Banisch","M","Montreal",20533,11,6,1045,399,0,0.207347994574236,0.207347994574236
973,"Leroy","Neumann","M","Toronto",52204,24,5,1238,590,0,0.542335418236883,0.542335418236883
974,"Dylan","Granzow","M","Toronto",36986,20,5,1082,492,0,0.223001788715693,0.223001788715693
975,"Alexis","Caves","F","Montreal",36031,19,5,1188,483,1,0.818613330661104,0.818613330661104
976,"Cody","Starcher","M","Vancouver",35529,18,3,927,388,0,0.387808194494795,0.387808194494795
977,"Emma","Wilhelm","F","Victoria",30394,13,4,955,414,1,0.594004536846413,0.594004536846413
978,"Garrett","Young","M","Montreal",21029,15,5,1084,368,0,0.293285638686147,0.293285638686147
979,"Brenton","Casteel","M","Victoria",17183,15,8,1383,507,0,0.357860958091752,0.357860958091752
980,"Skyler","Cornelius","M","Hope",33734,17,5,1131,475,0,0.167127442828777,0.167127442828777
981,"Angelica","Kellar","F","Vancouver",35500,18,6,1124,517,1,0.644147714124711,0.644147714124711
982,"Jonathan","Archdeacon","M","Toronto",15870,7,4,724,324,0,0.223271630299048,0.223271630299048
983,"Andy","Bossenbroek","M","Victoria",28977,7,7,1342,557,0,0.302899409743392,0.302899409743392
984,"Vanessa","Du Pignac","F","Montreal",25655,15,6,1212,499,1,0.823367242712917,0.823367242712917
985,"Keegan","Trammell","M","Montreal",23171,14,4,822,334,0,0.280928696075607,0.280928696075607
986,"Monique","Haw","F","Victoria",21038,14,4,848,343,1,0.631424525321371,0.631424525321371
987,"Jackson","Musselman","M","Montreal",19592,3,4,998,325,0,0.35974037060107,0.35974037060107
988,"Audria","Distin","F","Hope",45827,18,5,1253,533,1,0.670915641659455,0.670915641659455
989,"Leah","Viola","F","Vancouver",19685,9,7,1254,494,1,0.701536107494807,0.701536107494807
990,"Amy","Hildebrand","F","Toronto",41071,21,4,1099,439,1,0.798927275329619,0.798927275329619
991,"Alyssa","Myers","F","Vancouver",20829,14,3,553,305,1,0.859386556491051,0.859386556491051
992,"Rebecca","White","F","Hope",30020,15,5,976,455,1,0.674458538628323,0.674458538628323
993,"Nicole","Sleeger","F","Montreal",19589,3,6,1218,454,1,0.522181454702405,0.522181454702405
994,"Ashley","Batchelor","F","Vancouver",24488,10,8,1451,585,1,0.634732997291412,0.634732997291412
995,"Dillon","Manuel","M","Vancouver",14746,7,5,879,317,0,0.425674845458531,0.425674845458531
996,"Brittany","Borrego","F","Victoria",23653,8,6,1298,474,1,0.76777768501247,0.76777768501247
997,"Brandon","Davis","M","Vancouver",22603,8,4,486,358,0,0.293530164948072,0.293530164948072
998,"Peyton","Mcginnis","F","Montreal",30415,13,5,1051,459,1,0.505204091900576,0.505204091900576
999,"Tyler","Brownfield","M","Montreal",39032,11,5,1201,501,0,0.249322253565375,0.249322253565375
1000,"Garrett","Polachek","M","Vancouver",36052,13,4,1026,455,0,0.348740654772214,0.348740654772214
